A & J Garage & Wrecker Service,Arcola, IL 61910,217-268-4451,,Category:,Automobile Towing
ADT,213 E Main St,Arcola, IL 61910,800-207-3994,,Category:,Burglar Alarm Systems Dealers Installation Monitoring &Amp; Service
Aikman Wildlife Adventure,125 N County Road 425e,Arcola, IL 61910,217-268-3500,,Category:,Zoological Gardens
Alina Budd Massage,310 E Springfield Rd,Arcola, IL 61910,217-898-8959,,Category:,Massage Therapists Licensed
Allpro Insurance Agency,310 E Springfield Rd,Arcola, IL 61910,217-232-3410,,Category:,Insurance Independent Agents
America's Best Value Inn,640 E Springfield Rd,Arcola, IL 61910,217-268-3031,,Category:,Hotels &Amp; Motels
Amish Interpretive Center,125 N County Road 425e,Arcola, IL 61910,217-268-3599,,Category:,Museums
Animal Health Care Center of Arcola,531 E Springfield Rd,Arcola, IL 61910,217-268-4747,,Category:,Veterinary Clinics &Amp; Hospitals
Arbor Meadows Lawn Furniture,407 E County Road 200n,Arcola, IL 61910,217-268-3894,,Category:,Furniture Outdoor
Arcola 1st Church of Nazarene,418 E Madison St,Arcola, IL 61910,217-268-3114,,Category:,Churches
Arcola Auto Tech,126 S Chestnut St,Arcola, IL 61910,217-268-3161,,Category:,Automobile - Repairs &Amp; Services
Arcola Auto Tech,Arcola, IL 61910,217-268-3161,,Category:,Automobile Towing
Arcola Car Wash,530 E Springfield Rd,Arcola, IL 61910,217-268-4422,,Category:,Car Washing &Amp; Polishing
Arcola Chiropractic,212 E Main St,Arcola, IL 61910,217-268-4743,,Category:,Chiropractors
Arcola City Police Department,114 N Locust St,Arcola, IL 61910,217-268-4906,,Category:,Police &Amp; Law Enforcement
Arcola Clinic Sbl,241 W Springfield Rd,Arcola, IL 61910,217-268-4444,,Category:,Physicians Md &Amp; Do
Arcola Community School Dist,351 W Washington St,Arcola, IL 61910,217-268-4963,,Category:,Schools
Arcola Diamond House,229 E Jefferson St,Arcola, IL 61910,217-268-4876,,Category:,Hotels, Motels, &Amp; Lodging
Arcola Elementary School,351 W Washington St,Arcola, IL 61910,217-268-4961,,Category:,Schools
Arcola Emporium Antiques,201 E Main St,Ste 5,Arcola, IL 61910,217-268-4523,,Category:,Antique Dealers
Arcola Fire Department,111 E Main St,Arcola, IL 61910,217-268-4587,,Category:,Fire Departments
Arcola Fire Protection District, Volunteer Fire Department,117 W Main St,Arcola, IL 61910,217-268-4587,,Category:,Fire Departments
Arcola First Bank Atm,127 S Oak St,Arcola, IL 61910,,Category:,Automated Teller Machine (Atm)
Arcola Fitness Center,130 W Main St,Ste A,Arcola, IL 61910,217-268-3199,,Category:,Exercise &Amp; Physical Fitness Programs
Arcola Flower Shop,207 E Main St,Ste 1,Arcola, IL 61910,217-268-4242,,Category:,Florists
Arcola Food Pantry,126 S Locust St,Arcola, IL 61910,217-268-5122,,Category:,Social &Amp; Human Services Organizations
Arcola Guns Ammo Gunsmithing & Rebluing,220 N Pine St,Arcola, IL 61910,217-268-5000,,Category:,Guns Accessories &Amp; Gunsmiths
Arcola Health Care Center,422 E 4th South St,Arcola, IL 61910,217-268-3022,,Category:,Nursing Homes &Amp; Life Care Facilities
Arcola Homestead Savings Bank,130 E Main St,Arcola, IL 61910,217-268-3035,,Category:,Banking Services
Arcola Inn,236 S Jacques St,Arcola, IL 61910,217-268-4971,,Category:,Hotels &Amp; Motels
Arcola Jr/Sr High School,351 W Washington St,Arcola, IL 61910,217-268-4962,,Category:,Schools
Arcola Lumber Co,322 Ash St,Arcola, IL 61910,217-268-3686,,Category:,Lumber Retail
Arcola Lumber Co,416 Ash St,Arcola, IL 61910,217-268-3686,,Category:,Lumber Retail
Arcola Presbyterian Ch Rev,311 E Jefferson St,Arcola, IL 61910,217-268-3212,,Category:,Clergy
Arcola Presbyterian Church,305 E Jefferson St,Arcola, IL 61910,217-268-3212,,Category:,Clergy
Arcola Public Library,407 E Main St,Arcola, IL 61910,217-268-4477,,Category:,Libraries Public
Arcola Record Herald,118 E Main St,Arcola, IL 61910,217-268-4950,,Category:,Newspapers
Arcola Senior Citizens Center,107 W Main St,Arcola, IL 61910,217-268-4940,,Category:,Senior Citizens Services &Amp; Organizations
Arcola Storage,118 W Main St,Arcola, IL 61910,217-621-5947,,Category:,Warehouses Storage
Arcola Street Department,434 E Springfield Rd,Arcola, IL 61910,217-268-4531,,Category:,Government Offices Local
Arcola Telecare,107 W Main St,Arcola, IL 61910,217-268-3442,,Category:,Senior Citizens Services &Amp; Organizations
Arcola Tool & Die,202 N Oak St,Arcola, IL 61910,217-268-5767,,Category:,Machine Tools Dealers
Arcola Tool & Die,350 N Oak St,Arcola, IL 61910,217-268-5767,,Category:,Machine Tools Dealers
Arcola Township,399 N Sheldon St,Arcola, IL 61910,217-268-4352,,Category:,Government Offices Local
Arcola Twp Relief Office,108 E Main St,Arcola, IL 61910,217-268-4884,,Category:,Government Offices Local
Arcola United Methodist Church,121 S Locust St,Arcola, IL 61910,217-268-4287,,Category:,Churches Methodist United
Arcola Water Department,434 E Springfield Rd,Arcola, IL 61910,217-268-3550,,Category:,Water Companies Utility
Art of Massage,1175 E State Route 133,Arcola, IL 61910,217-268-3699,,Category:,Massage Services
Arthur Distributing Co,364 N County Road 270e,Arcola, IL 61910,217-543-2166,,Category:,Hardware Retail
Arthur's Plumbing Inc,440 W Washington St,Arcola, IL 61910,217-268-4518,,Category:,Plumbing Contractors
ATI Physical Therapy,548 E Springfield Rd,Arcola, IL 61910,217-268-3188,,Category:,Physical Therapy &Amp; Rehabilitation
Atm,106 N Oak St,Arcola, IL 61910,,Category:,Automated Teller Machine (Atm)
ATM,103 N Chestnut St,Arcola, IL 61910,,Category:,Automated Teller Machine (Atm)
ATM,125 N County Road 425e,Arcola, IL 61910,,Category:,Automated Teller Machine (Atm)
ATM,630 E Springfield Rd,Arcola, IL 61910,,Category:,Automated Teller Machine (Atm)
Baker Bruce Rev,204 S Locust St,Arcola, IL 61910,217-268-4241,,Category:,Clergy
Barbara Adams Upholstering,523 E County Road 200n,Arcola, IL 61910,217-268-4837,,Category:,Upholsters
Beachy's Ice Co,523 N Locust St,Arcola, IL 61910,217-268-4588,,Category:,Ice
Beautiful Image,299 Egyptian Trl,Arcola, IL 61910,217-268-3361,,Category:,Tanning Salons
Bee Graphics,299 Egyptian Trl,Arcola, IL 61910,217-268-6116,,Category:,Signs
Best Western,917 Green Mill Rd,Arcola, IL 61910,217-268-5000,,Category:,Hotels &Amp; Motels
Blagg Farms,104 Sassafras Ln,Arcola, IL 61910,217-273-3737,,Category:,Farms
Blaze Investigative Service Inc,206 E Main St,Arcola, IL 61910,217-268-3331,,Category:,Investigators
Boyd Real Estate Inc,109 E Main St,Arcola, IL 61910,217-268-4434,,Category:,Business Services
Boyer & Sappenfield Investment Advisors,102 E Main St,Arcola, IL 61910,217-268-3216,,Category:,Financial Services
Browne's Pharmacy,121 W Springfield Rd,Arcola, IL 61910,217-268-3838,,Category:,Pharmacies
Brush Fibers Inc,202 N Oak St,Arcola, IL 61910,217-268-3012,,Category:,Brushes Retail
Bulk Tek,100 Industrial Dr,Arcola, IL 61910,217-268-4917,,Category:,Tanks Used
Cals Painting,498 E County Road 300n,Arcola, IL 61910,217-460-0857,,Category:,Painting Contractors
Calvary Temple Church,700 E Main St,Arcola, IL 61910,217-268-4605,,Category:,Churches
Cargill Dry Corn Ingredients,242 N County Road 1275e,Arcola, IL 61910,217-268-4915,,Category:,Grain Elevators
Carriage Crossing Senior Living,909 Green Mill Rd,Arcola, IL 61910,217-498-3117,,Category:,Assisted Living &Amp; Elder Care Services
Casey's General Store,103 N Chestnut St,Arcola, IL 61910,217-268-3457,,Category:,Restaurants Pizza
Chamber Of Commerce,130 W Main St,Arcola, IL 61910,217-268-4530,,Category:,Chambers Of Commerce
Church Of Christ,128 W Kemp St,Arcola, IL 61910,217-268-3720,,Category:,Churches Church Of Christ
Church Of Nazarene Spanish,217 N Ridge St,Arcola, IL 61910,217-268-4653,,Category:,Churches
City Government City of Arcola,221 E Main St,Arcola, IL 61910,217-268-3885,,Category:,Ambulance Service
Clark Real Estate & Appraisals,310 E Springfield Rd,Arcola, IL 61910,217-268-5069,,Category:,Real Estate - Brokers &Amp; Agents
Coats N Tails,249 Polk Dr,Arcola, IL 61910,217-268-5100,,Category:,Pet Grooming &Amp; Washing
Coles County Wood Products,18817 N County Road 630e,Arcola, IL 61910,217-268-3508,,Category:,Auctioneers &Amp; Auction Houses
Comfort Inn,610 E Springfield Rd,Arcola, IL 61910,217-268-4000,,Category:,Hotels &Amp; Motels
Country Charm,468 E Springfield Rd,Arcola, IL 61910,217-268-3355,,Category:,Furniture Dealers
Country Salvage Store,427 E County Road 200n,Arcola, IL 61910,217-268-3698,,Category:,Groceries
Country Side Cabinetry & Handcrafted Furniture,Arcola, IL 61910,217-268-5102,,Category:,Contractors - Carpentry
Country Variety,435 E County Road 200n,Arcola, IL 61910,217-268-3677,,Category:,Discount Stores
Countryside Amish Furniture,324 S Chestnut St,Arcola, IL 61910,217-268-5102,,Category:,Furniture Dealers
Countryside Flooring,551 E County Road 300n,Arcola, IL 61910,217-268-3669,,Category:,Tile Ceramic Contractors
Crystal Cold LLC,220 N County Road 425e,Arcola, IL 61910,217-268-3320,,Category:,Appliances Household Major Dealers &Amp; Services
D & M Woodcrafts,421 E County Road 200n,Arcola, IL 61910,217-268-4550,,Category:,Wood Products
Daily Kneads Cafe,201 E Main St,Ste 4,Arcola, IL 61910,217-268-6229,,Category:,Bakers
Dairy Queen,601 E Springfield Rd,Arcola, IL 61910,217-268-4236,,Category:,Restaurants
Danville Steel,908 Bob King Dr,Arcola, IL 61910,217-268-3900,,Category:,Computer &Amp; Computer Equipment Dealers
Darrell Diener,475 N County Road 400e,Arcola, IL 61910,217-543-3470,,Category:,Trucking General
Developmental Foundation,235 S Ridge St,Arcola, IL 61910,217-268-4297,,Category:,Assisted Living &Amp; Elder Care Services
Dick J Reece,1481 E State Route 133,Arcola, IL 61910,217-254-4333,,Category:,Trucking General
Diener Tax Service,351 E County Road 400n,Arcola, IL 61910,217-543-2007,,Category:,Tax Return Preparation &Amp; Filing
Dimond Brothers Insurance Agency,106 E Main St,Arcola, IL 61910,217-268-4945,,Category:,Insurance
Dog House Bar & Grill Inc,126 N Oak St,Arcola, IL 61910,217-518-1000,,Category:,Restaurants
Dollar General,462 E Springfield Rd,Arcola, IL 61910,217-268-3020,,Category:,Groceries
Douglas County Custom Milling,326 E County Road 100n,Arcola, IL 61910,217-268-4689,,Category:,Moldings


Douglas County Health Department,113 N Collins St,Arcola, IL 61910,217-268-3555,,Category:,Health &Amp; Welfare Agencies
Dutch Kitchen,127 E Main St,Arcola, IL 61910,217-268-3518,,Category:,Restaurants
Dutch Kitchen,238 W Main St,Arcola, IL 61910,217-268-3518,,Category:,Restaurants
Eastern Iii Area Spcial Edcatn,211 S Jacques St,Arcola, IL 61910,217-268-3855,,Category:,Schools Academic Special Education
Edwards Funeral Home,221 E Main St,Arcola, IL 61910,217-268-3885,,Category:,Funeral Homes &Amp; Directors
Effingham Equity,912 E County Road 600n,Arcola, IL 61910,217-268-5128,,Category:,Fertilizers Dealers
Effingham Equity,925 E County Road 600n,Arcola, IL 61910,217-268-5128,,Category:,Fertilizers Dealers
El Amigo,402 E Springfield Rd,Arcola, IL 61910,217-268-3072,,Category:,Meat Dealers Retail
El Toro Bravo,602 E Springfield Rd,Arcola, IL 61910,217-268-3292,,Category:,Restaurants
Farm Pride,250 W Springfield Rd,Arcola, IL 61910,217-268-4951,,Category:,Farm Equipment Dealers &Amp; Supplies
Farmers Insurance,109 E Main St,Arcola, IL 61910,217-268-4434,,Category:,Real Estate
FedEx,945 Bob King Dr,Arcola, IL 61910,217-268-4558,,Category:,Shipping Services
FedEx Freight,945 Bob King Dr,Arcola, IL 61910,217-268-4558,,Category:,Trucking General
Fimm USA Inc,202 N Oak St,Arcola, IL 61910,217-268-5753
First Baptist Ch of Arcola,220 E Main St,Arcola, IL 61910,217-268-4890,,Category:,Churches Baptist
First Christian Church,311 E Main St,Arcola, IL 61910,217-268-3738,,Category:,Churches Christian Disciples Of Christ
First Mid-Illinois Bank & Trust,249 W Springfield Rd,Arcola, IL 61910,217-268-5700,,Category:,Banking Services
First National Bank,127 S Oak St,Arcola, IL 61910,217-268-4911,,Category:,Money Order Transfer Service
Fishel-Grove Chiropractic,253 W Springfield Rd,Arcola, IL 61910,217-268-4999,,Category:,Chiropractors
Flower Patch,225 E Jefferson St,Arcola, IL 61910,217-268-4876,,Category:,Florists
Free Methodist Parsonage of Arcola,231 N Walnut St,Arcola, IL 61910,217-268-4501,,Category:,Churches Methodist
Free Methodist Parsonage of Arcola,219 N Walnut St,Arcola, IL 61910,217-268-4501,,Category:,Clergy
G L Doemelt Inc,299 Egyptian Trl,Arcola, IL 61910,217-268-4243,,Category:,Automotive Machine &Amp; Shop Service
Gabrealle's Bowtique,45 Industrial Dr,Arcola, IL 61910,217-508-7152,,Category:,Hair Goods
Genenbacher Karissa M,909 Green Mill Rd,Arcola, IL 61910,217-268-3516,,Category:,Speech Pathologists
Gibco Motor Express,275 N State Route 130,Arcola, IL 61910,217-268-4811,,Category:,Trucking General
Good's Body Shop,109 Industrial Dr,Arcola, IL 61910,217-268-4397,,Category:,Automobile - Repairs &Amp; Services
Government Offices City City of Arcola,204 N Oak St,Arcola, IL 61910,217-268-3550,,Category:,Water Supply Systems
Hair Biz,255 W Madison St,Arcola, IL 61910,217-268-4343,,Category:,Beauty Salons
Herff-Jones,901 Bob King Dr,Arcola, IL 61910,217-268-4543,,Category:,Caps &Amp; Gowns
Homestead,110 N Oak St,Arcola, IL 61910,217-268-3180,,Category:,Banks &Amp; Credit Unions
Hope House,101 E 2nd St S,Arcola, IL 61910,217-268-3732,,Category:,Retirement &Amp; Life Care Communities &Amp; Homes
Hope House,106 E 2nd St S,Arcola, IL 61910,217-268-3732,,Category:,Retirement &Amp; Life Care Communities &Amp; Homes
Humboldt Broom Co,901 E County Road 300n,Arcola, IL 61910,217-268-3718,,Category:,Brooms
Hunters Shack - Bike Rack,429 E Co Rd 200 N,Arcola, IL 61910,217-268-4774,,Category:,Bearings
Hutton's Gun Shop & Nascar,16846 N County Road 1000e,Arcola, IL 61910,217-856-3541,,Category:,Guns Accessories &Amp; Gunsmiths
I-57 Truck-Trailers Inc,60 Industrial Dr,Arcola, IL 61910,217-268-4154,,Category:,Trailers Repair &Amp; Service
IGA,117 W Washington St,Arcola, IL 61910,217-268-3400,,Category:,Groceries
Iglesia De Dios Pentecostal Ebenezer,523 Davis St,Arcola, IL 61910,217-268-3087,,Category:,Religious Organizations
Illini Fs,300 N State Route 130,Arcola, IL 61910,217-268-4984,,Category:,Fertilizers Dealers
Ingram's Home Improvement & Elec,639 N Locust St,Arcola, IL 61910,217-268-4447,,Category:,Home Repair &Amp; Maintenance
It'll DO Arcola Inc,620 Schrock Dr,Arcola, IL 61910,217-268-3131,,Category:,Bars Grills &Amp; Pubs
J & M Automotive,112 E 1st South St,Arcola, IL 61910,217-268-4500,,Category:,Automobile - Repairs &Amp; Services
James Baird Farms,840 E County Road 600n,Arcola, IL 61910,217-268-3345,,Category:,Farms
Jason Jerabek DO,241 W Springfield Rd,Arcola, IL 61910,217-268-4444,,Category:,Physicians Md &Amp; Do
Jbh Inc,60 Industrial Dr,Arcola, IL 61910,217-268-3821,,Category:,Sandblasting
Jerrys Radiator Repair,50 Industrial Dr,Arcola, IL 61910,217-268-3121,,Category:,Automobile Radiators
Jess Concrete,614 E County Road 100n,Arcola, IL 61910,217-962-1514,,Category:,Contractors - Concrete
Johnnas Styling Studio,620 S Locust St,Arcola, IL 61910,217-268-3800,,Category:,Beauty Shops
Johnna's Styling Studio,259 S Oak St,Arcola, IL 61910,217-268-3800,,Category:,Beauty Salons
Johnny Gruelle Raggedy Ann & Andy Museum,114 E Main St,Arcola, IL 61910,217-268-4908,,Category:,Museums
Jrl Custom Cabinetry & Carpentry Inc,Arcola, IL 61910,217-518-5303,,Category:,Contractors - Carpentry
Kaskaskia Country Club,450 E County Road 300n,Arcola, IL 61910,217-268-3001,,Category:,Clubs
Kaufman Custom Kitchens,363 E County Road 200n,Arcola, IL 61910,217-268-4699,,Category:,Cabinets Refacing &Amp; Resurfacing
Kaufman's Custom Cabinets,363 E County Road 200n,Arcola, IL 61910,217-268-4330,,Category:,Kitchen Cabinets &Amp; Accessories
Kaufman's Custom Cabinets,Arcola, IL 61910,217-717-4994,,Category:,Cabinet Makers
Kaufmans Custom Cabinets,Arcola, IL 61910,217-903-5663,,Category:,Cabinet Makers
Kesters Barber Styling,225 Taft Dr,Arcola, IL 61910,217-268-3634,,Category:,Barber
Key Auto Care,57 Industrial Dr,Arcola, IL 61910,217-268-3804,,Category:,Automobile Customizing
Kim Livezey DVM,531 E Springfield Rd,Arcola, IL 61910,217-268-4747,,Category:,Veterinary Clinics &Amp; Hospitals
Kim Mast RN,120 S Locust St,Arcola, IL 61910,217-268-4323,,Category:,Nurses Registries
Knowles Automotive Inc,304 S Water St,Arcola, IL 61910,217-268-4555,,Category:,Automobile - Repairs &Amp; Services
Kuntry Treasures,400 E County Road 200n,Arcola, IL 61910,217-268-5144,,Category:,Malls &Amp; Shopping Centers
Kutz's Performance Repair Inc,590 N County Road 920e,Arcola, IL 61910,217-268-4778,,Category:,Automobile - Repairs &Amp; Services
L T & E Inc,106 N Us Route 45,Arcola, IL 61910,217-268-4650,,Category:,Tanks Maintenance &Amp; Repair
Las Cazuelas,602 E Springfield Rd,Arcola, IL 61910,217-268-3285,,Category:,Restaurants
Laverns Wood Items,421 E County Road 200n,Arcola, IL 61910,217-268-4544,,Category:,Construction Supplies &Amp; Services
Libman Co,220 N Sheldon St,Arcola, IL 61910,217-268-4200,,Category:,Brooms
Life Pointe Church,700 E Main St,Arcola, IL 61910,217-268-4586
Lindenmeyer Insurance Agency Inc,213 E Main St,Arcola, IL 61910,217-268-3041,,Category:,Insurance
M & L Custom Builders,407 E County Road 200n,Arcola, IL 61910,217-268-4420,,Category:,Real Estate - Development
Main Street Photo,210 E Main St,Arcola, IL 61910,217-268-5050,,Category:,Photographers Portrait
Main Street Photo,126 E Main St,Arcola, IL 61910,217-268-5050,,Category:,Photographers Portrait
Manahan T F Jr,130 S Ridge St,Arcola, IL 61910,217-268-3232
Mane Design Beauty Salon,201 E Main St,Arcola, IL 61910,217-268-3171,,Category:,Beauty Salons
Marcie's Hairstyling & Stress,306 S Pine St,Arcola, IL 61910,217-268-3363,,Category:,Beauty Salons
Mark T Petty Attorney,111 E Main St,Arcola, IL 61910,217-268-3056,,Category:,Attorneys
McDonald's,550 E Springfield Rd,Arcola, IL 61910,217-268-5020,,Category:,Restaurants
Mid State Industries LLC,908 Bob King Dr,Arcola, IL 61910,217-268-3900,,Category:,Steel Distributors &Amp; Warehouses Retail
Midwest Mobile Stages,126 S Chestnut St,Arcola, IL 61910,217-268-9777,,Category:,Sound Systems &Amp; Equipment Dealers &Amp; Service
Miller Andrew,119 N County Road 525e,Arcola, IL 61910,217-268-6214,,Category:,Furniture Repairing Refinishing &Amp; Stripping
Miller Building Systems Llc,433 E County Road 100n,Arcola, IL 61910,217-268-4546,,Category:,Homes Built
Miller Custom Woodworking,570 E County Road 300n,Arcola, IL 61910,217-268-4388,,Category:,Furniture Designers &Amp; Custom Builders
Miller Dan C,13816 E County Road 1900n,Arcola, IL 61910,217-268-4270,,Category:,Grain Salvage &Amp; Transfer Service
Miller Drywall,115 S Sheldon St,Arcola, IL 61910,217-268-3748,,Category:,Contractors Drywall
Miller Ron Construction,118 N Water St,Arcola, IL 61910,217-268-4777,,Category:,Contractors General
Miller's Dry Goods,546 E County Road 500n,Arcola, IL 61910,217-268-5117,,Category:,Dry Goods Wholesale
Miller's Dry Goods,570 E County Road 300n,Arcola, IL 61910,217-268-5117,,Category:,Fabric Shops
Mock 28 Salon,128 E Main St,Arcola, IL 61910,217-273-1752,,Category:,Tanning Salons
Monahan Filament,215 Egyptian Trl,Arcola, IL 61910,217-268-4957,,Category:,Manufacturers Agents &Amp; Representatives
Monahan Filaments,301 N Chestnut St,Arcola, IL 61910,217-268-3758,,Category:,Plastics Rods Tubes Sheets Etc
Monahan Filaments,202 N Oak St,Arcola, IL 61910,217-268-3323,,Category:,Manufacturers Agents &Amp; Representatives
Monahan Filaments,321 N Chestnut St,Arcola, IL 61910,217-268-3323
Monahan Partners,202 N Oak St,Arcola, IL 61910,217-268-5771
Monical's Pizza,528 E Springfield Rd,Arcola, IL 61910,217-268-4141,,Category:,Restaurants Pizza
Morning Song Collections,431 E County Road 200n,Arcola, IL 61910,217-268-3677,,Category:,Variety Stores
Munson Farms Inc,1260 E State Route 133,Arcola, IL 61910,217-268-3778,,Category:,Farms
Murphy Cynthia,112 S Pine St,Arcola, IL 61910,217-268-3474,,Category:,Child Care Services
My Favorite Things,124 E Main St,Arcola, IL 61910,217-268-3576,,Category:,Gift Shops
Nacke John Construction,Arcola, IL 61910,217-268-3519,,Category:,Contractors General


Nails Spa,210 E Main St,Arcola, IL 61910,217-268-3033,,Category:,Nail Salons &Amp; Manicurists
Natural Gas Pipeline Co-Amer,360 E County Road 000n,Arcola, IL 61910,217-268-4424,,Category:,Petroleum Products
Noble Roman's,630 E Springfield Rd,Arcola, IL 61910,217-268-3377,,Category:,Restaurants Pizza
Nordco Equipment Co Inc,107 N Us Route 45,Arcola, IL 61910,217-268-4823,,Category:,Railroad Equipment &Amp; Supplies
North Okaw Welding,17748 N County Road 450e,Arcola, IL 61910,217-856-3502,,Category:,Welding
Off The Leash,101 E Springfield Rd,Arcola, IL 61910,217-499-4144
Okaw Farmers Co-Op,305 S Chestnut St,Arcola, IL 61910,217-268-4953,,Category:,Grain Elevators
Okaw Farmer's Cooperative Inc,187 Po Box,Arcola, IL 61910,217-543-2173,,Category:,Insurance
Okaw Machine LLC,426 E County Road 200n,Arcola, IL 61910,217-268-3662,,Category:,Welding
Okaw Machine LLC,530 E County Road 100n,Arcola, IL 61910,217-268-3662,,Category:,Welding
Olde Brick Wall,122 E Main St,Arcola, IL 61910,217-268-4793,,Category:,Gift Shops
Otto Real Estate Inc,105 E Main St,Arcola, IL 61910,217-268-3051,,Category:,Real Estate Consultants
Oye Trucking Inc,898 E County Road 600n,Arcola, IL 61910,217-268-3707,,Category:,Trucking General
Pacunas Construction,102 E Kemp St,Arcola, IL 61910,217-268-3347,,Category:,Window Installation &Amp; Sales
Perez Merced,225 Circle Dr,Arcola, IL 61910,217-268-3587
Phillips 66,630 E Springfield Rd,Arcola, IL 61910,217-268-4714,,Category:,Oil Fuel
Plain Church Medical Group,551 E County Road 300n,Arcola, IL 61910,217-268-4800,,Category:,Physicians Md &Amp; Do
Plank & Sons Woodworking,Arcola, IL 61910,217-268-3790,,Category:,Carpenters
Pleasant View School,184 N County Road 300e,Arcola, IL 61910,217-268-3886,,Category:,Schools
Prairie Peddler,201 E Main St,Ste 2,Arcola, IL 61910,217-268-3311,,Category:,Antique Dealers
Printer Connection,319 S Elm St,Arcola, IL 61910,217-268-3252,,Category:,Printers
Progressive Insurance,406 E Springfield Rd,Arcola, IL 61910,217-268-3041,,Category:,Insurance
Radi Com East,310 E Main St,Arcola, IL 61910,217-268-3139,,Category:,Radio Communication Equipment &Amp; Systems
Radio Shack,111 W Springfield Rd,Arcola, IL 61910,217-268-3014,,Category:,Hardware Retail
Railroad Component Rebuilds,205 N Chestnut St,Arcola, IL 61910,217-268-5110,,Category:,Railroad Companies
Ramon Climaco MD,120 S Locust St,Arcola, IL 61910,217-268-4323,,Category:,Physicians - General
Rankin Publishing,204 E Main St,Arcola, IL 61910,217-268-4959,,Category:,Newspapers
Redbox,462 E Springfield Rd,Arcola, IL 61910,866-733-2693,,Category:,Video Tapes Dvds &Amp; Discs Rentals
Regiomontana Mexican Store,520 E Springfield Rd,Arcola, IL 61910,217-268-3007,,Category:,Supermarkets &Amp; Super Stores
Regiomontana Mexican Store,402 E Springfield Rd,Arcola, IL 61910,217-268-3007,,Category:,Groceries
Regional Office of Education,115 Egyptian Trl,Arcola, IL 61910,217-268-4101,,Category:,Schools
Riverside Engine Service,475 E County Road 200n,Arcola, IL 61910,217-268-4672,,Category:,Hardware Retail
Rob Biggs MD,241 W Springfield Rd,Arcola, IL 61910,217-268-4444,,Category:,Physicians - General
Robert E Middleton Jr DC,212 E Main St,Arcola, IL 61910,217-268-4743,,Category:,Chiropractors
Robin's Daycare,455 E Washington St,Arcola, IL 61910,217-268-4642,,Category:,Day Care Centers &Amp; Nurseries
Rocke Overhead Doors Inc,554 E County Road 200n,Arcola, IL 61910,217-268-4718,,Category:,Door Repairing
Rockome Garden Foods,125 N County Road 425e,Arcola, IL 61910,217-268-4107,,Category:,Wedding Supplies &Amp; Services
Rockome Garden Foods,127 N County Road 425e,Arcola, IL 61910,217-268-4107,,Category:,Groceries
Rockome Restaurant,125 N County Road 425e,Arcola, IL 61910,217-268-4212,,Category:,Restaurants
Ronald Gardner,1487 E County Road 100n,Arcola, IL 61910,217-246-0935,,Category:,Grain Salvage &Amp; Transfer Service
Schrock Mikel,456 N County Road 325e,Arcola, IL 61910,217-543-3949
Schrocks Sawmill,59 N County Road 450e,Arcola, IL 61910,217-268-3632,,Category:,Firewood
Schupps Animal Bedding,99 N County Road 450e,Arcola, IL 61910,217-268-3680,,Category:,Wood Products
Sentry Insurance,130 E Main St,Arcola, IL 61910,217-268-4311,,Category:,Insurance
Sherri Howell DO,241 W Springfield Rd,Arcola, IL 61910,217-268-4444,,Category:,Optometrists Od
Shirlery Dallmier Pa-C,241 W Springfield Rd,Arcola, IL 61910,217-268-4444,,Category:,Physicians &Amp; Surgeons Md &Amp; Do Family &Amp; General Practice
Shrader Ambulance Service,204 N Locust St,Arcola, IL 61910,217-268-4848,,Category:,Funeral Homes &Amp; Directors
Shrader Funeral Home,204 N Locust St,Arcola, IL 61910,217-268-4848,,Category:,Monuments
Simply Amish,401 E County Road 200n,Arcola, IL 61910,217-268-4403,,Category:,Furniture Dealers
Sisters Shoppe,201 E Main St,Arcola, IL 61910,217-268-4110,,Category:,Gift Shops
Sloan's Salon,327 S Arcola St,Arcola, IL 61910,217-268-3760,,Category:,Beauty Salons
St. John The Baptist Catholic Church,205 S Locust St,Arcola, IL 61910,217-268-3766,,Category:,Churches
Step Between Adult Living,217 S Jacques St,Arcola, IL 61910,217-840-8216
Steve & Shirley's,24 E Main St,Arcola, IL 61910,217-346-2539,,Category:,Restaurants
Stout Jerry Law Office,130 N Locust St,Arcola, IL 61910,217-268-4455,,Category:,Attorneys
Subway,630 E Springfield Rd,Arcola, IL 61910,217-268-7827,,Category:,Restaurants
Sukup Manufacturing Warehouse,980 E State Route 133,Arcola, IL 61910,217-268-3026,,Category:,Grain Handling &Amp; Drying Equipment
Sunnyside Mennonite Church,475 E Springfield Rd,Arcola, IL 61910,217-268-3572,,Category:,Churches Mennonite
Tacos & Taco's,202 S Chestnut St,Arcola, IL 61910,217-268-4900,,Category:,Restaurants
Tattoo's by Tim,128 E Main St,Arcola, IL 61910,217-218-0323,,Category:,Body Piercing &Amp; Tattoos
Temm 2000 Inc,9 Country Club Ln,Arcola, IL 61910,217-268-4302,,Category:,Car Washing &Amp; Polishing
Terra Cottrill Alliance for Psychosocial Nursing,241 W Springfield Rd,Arcola, IL 61910,217-268-4444,,Category:,Nurses
The Bike Rack,429 E County Road 200n,Arcola, IL 61910,217-268-4774,,Category:,Bicycle Dealers Repairers &Amp; Rentals
Thomas Monahan Co,202 N Oak St,Arcola, IL 61910,217-268-4955,,Category:,Wood Products
Tiffany's,208 E Main St,Arcola, IL 61910,217-268-3336,,Category:,Beauty Shops
Timber Creek Pallets,447 E County Road 200n,Arcola, IL 61910,217-268-3062,,Category:,Pallets &Amp; Skids
Titus Hog Farm,301 N County Road 1000e,Arcola, IL 61910,217-268-4678,,Category:,Farms
Top Coat,736 E County Road 300n,Arcola, IL 61910,217-268-3890,,Category:,Painting Contractors
Tri County Auctions,650 E County Road 400n,Arcola, IL 61910,217-268-3444,,Category:,Auctioneers &Amp; Auction Houses
True Value,111 W Springfield Rd,Arcola, IL 61910,217-268-3014,,Category:,Cellular Telephone Equipment Sales &Amp; Service
Tuscola Packaging Group,908 Bob King Dr,Arcola, IL 61910,217-268-4880,,Category:,Packaging Service &Amp; Supplies
United States Postal Service,107 S Oak St,Arcola, IL 61910,217-268-4432,,Category:,Postal Services
Unity Motors Inc,402 S Chestnut St,Arcola, IL 61910,217-268-3328,,Category:,Truck Dealers Used
Verizon Wireless,111 W Springfield Rd,Arcola, IL 61910,217-268-3014,,Category:,Cellular Telephone Service
Virginia A Wade MD,600 E County Road 300n,Arcola, IL 61910,217-268-5008,,Category:,Physicians Md &Amp; Do
Vyverberg's Department Store,119 E Main St,Arcola, IL 61910,217-268-3646,,Category:,Department Stores
Walnut Grove Christian Church,12930 E County Road 1700n,Arcola, IL 61910,217-856-2155,,Category:,Churches Christian
Walnut Grove Packaging,578 E County Road 200n,Arcola, IL 61910,217-268-5112,,Category:,Woodwork
West Fork Real Estate,403 N County Road 800e,Arcola, IL 61910,217-268-4497,,Category:,Real Estate
West Prairie Water Co,114 N Locust St,Arcola, IL 61910,217-268-4994,,Category:,Water Companies Utility
Western Union,127 S Oak St,Arcola, IL 61910,217-268-4911,,Category:,Money Order Transfer Service
Wheeler Insurance,116 W Main St,Arcola, IL 61910,217-268-3236,,Category:,Insurance
Whisnand Hybrids,1220 E State Route 133,Arcola, IL 61910,217-268-3714,,Category:,Seeds &Amp; Bulbs Retail
Whispering Pines Health Center,600 E County Road 300n,Arcola, IL 61910,217-268-5008,,Category:,Clinics Medical
White Pines Wood Products,442 N County Road 400e,Arcola, IL 61910,217-543-3390,,Category:,Cabinet Makers
Willow Tree Woodworking,524 E County Road 300n,Arcola, IL 61910,217-268-4143,,Category:,Woodwork
Xpress Rent-A-Car,126 S Chestnut St,Arcola, IL 61910,217-268-9777,,Category:,Truck Renting &Amp; Leasing
Yoder Advertising Group,125 N County Road 425e,Arcola, IL 61910,217-268-4226,,Category:,Advertising Agencies
Yoder Edwin J,323 E County Road 200n,Arcola, IL 61910,217-268-4182,,Category:,Farms
Yoder Gazebos,2885 E County Road 1700n,Arcola, IL 61910,217-543-3624,,Category:,Furniture Outdoor
Yoder's Homestead Shop,117 E Main St,Arcola, IL 61910,217-268-3841,,Category:,Gift Shops
3j Transmission,25 E Main St,Arcola, IL 61910,217-268-4840,,Category:,Transmissions Automobile Repairing
3j's Transmission,24 E Main St,Arcola, IL 61910,217-268-4840,,Category:,Transmissions Automobile Retail


