Al Self Storage,1652 E Us Highway 36,Camargo, IL 61919,217-714-7254,,Category:,Warehouses Mini &Amp; Self Storage
Amole's Tree Solutions,32 Nightingale Cir,Camargo, IL 61919,217-344-8409,,Category:,Tree Services
ATM,1500 E Us Highway 36,Camargo, IL 61919,,Category:,Automated Teller Machine (Atm)
Camargo Highway Dist Warehouse,215 E Main St,Camargo, IL 61919,217-832-9441,,Category:,Warehouses
Camargo United Methodist Church,103 E Main St,Camargo, IL 61919,217-832-9388,,Category:,Churches Methodist
Carso Inc,404 S Vine St,Camargo, IL 61919,217-832-5103,,Category:,Pest Control Services
Carso Inc,404 S Vine St,Camargo, IL 61919,217-832-2776,,Category:,Chemicals Agricultural
Carso Pest Control,Camargo, IL 61919,217-446-7266,,Category:,Pest Control Services
Conner Jerry L Rev,302 E Main St,Camargo, IL 61919,217-832-8577,,Category:,Churches Pentecostal
Dave Smith's Handyman,1467 Timber Ln,Camargo, IL 61919,217-202-6748,,Category:,Home Improvement &Amp; Remodeling
Family Health Center,117 W Main St,Camargo, IL 61919,217-832-2602,,Category:,Nurses
Green AG Services,102 Lakewood Dr,Camargo, IL 61919,217-832-9049,,Category:,Financial Services
Grinnell Mutual Reinsure,1480 Timber Ln,Camargo, IL 61919,217-599-1122,,Category:,Insurance
H & W Carriers,Camargo, IL 61919,217-359-9403,,Category:,Trucking General
H & W Carriers,Camargo, IL 61919,217-832-2091,,Category:,Trucking General
Hillard George,1478 Timber Ln,Camargo, IL 61919,217-253-3771,,Category:,Insurance
J & J's Burgers & Beer,1500 E Us Highway 36,Camargo, IL 61919,217-253-6717,,Category:,Restaurants
Jehovah's Witnesses,965 N State Route 130,Camargo, IL 61919,217-832-2307,,Category:,Churches Jehovahs Witness
Js & K Farms Inc,1630 E County Road 1075 N,Camargo, IL 61919,217-832-5421,,Category:,Fruit &Amp; Vegetable Growers &Amp; Shippers
Log Cabin Inn Office,949 N County Road 1525 E,Camargo, IL 61919,217-253-4842,,Category:,Bars Grills &Amp; Pubs
Longview Bank,515 S Vine St,Camargo, IL 61919,217-832-2061,,Category:,Banking Services
Marcia's Nails/Tanning Salon,852 N State Route 130,Camargo, IL 61919,217-832-9438,,Category:,Tanning Salons
Owen's Tree Service,117 W Main St,Camargo, IL 61919,217-778-8030,,Category:,Tree Service
Precision Automotive,951 N State Route 130,Camargo, IL 61919,217-832-2706,,Category:,Automobile - Repairs &Amp; Services
Rev Jerry L Conner Reverend,302 E Main St,Camargo, IL 61919,217-832-8577
Security Service Co,1470 Timber Ln,Camargo, IL 61919,217-253-3482,,Category:,Locks &Amp; Locksmiths
Stanfield Repair Service,880 N State Route 130,Camargo, IL 61919,217-832-8219,,Category:,Contractors Electric
Storage One,404 S Vine St,Camargo, IL 61919,217-832-2711,,Category:,Storage Household &Amp; Commercial
Superlawn,Camargo, IL 61919,217-832-9031,,Category:,Lawn &Amp; Grounds Maintenance
Taps Equestrian Center,104 River Oaks Rd,Camargo, IL 61919,217-832-9404
Timberline Farm Inc,981 N County Road 1725 E,Camargo, IL 61919,217-832-9221,,Category:,Fruit &Amp; Vegetable Growers &Amp; Shippers
U-Haul Neighborhood Dealer,951 N State Route 130,Camargo, IL 61919,217-832-2876,,Category:,Truck Renting &Amp; Leasing
United States Postal Service,203 W Main St,Camargo, IL 61919,217-832-9219,,Category:,Post Offices
Victory Church of Camargo,100 E Second St,Camargo, IL 61919,217-832-8398,,Category:,Churches Nondenominational


