Alterations by Phyllis,870 N Cr 125e,Atwood, IL 61913,217-578-3211,,Category:,Alterations Clothing
ATM,200 S Main St,Atwood, IL 61913,,Category:,Automated Teller Machine (Atm)
ATM,114 N Main St,Atwood, IL 61913,,Category:,Automated Teller Machine (Atm)
Atwood Ambulance Service,120 W Central St,Atwood, IL 61913,217-578-3511,,Category:,Ambulance Service
Atwood Armory,65 E Cr 1175n,Atwood, IL 61913,217-578-2767,,Category:,Guns &Amp; Gunsmiths
Atwood Christian Church,229 S Main St,Atwood, IL 61913,217-578-2880,,Category:,Churches
Atwood Downtown Diner,103 S Main St,Atwood, IL 61913,217-578-2204,,Category:,Restaurants Diners
Atwood Fire Department,615 N Main St,Atwood, IL 61913,217-578-3341,,Category:,Government Offices Local
Atwood Hammond Elementary School,316 N Illinois St,Atwood, IL 61913,217-578-2229,,Category:,Schools Academic Secondary &Amp; Elementary
Atwood-Hammond Public Library,123 N Main St,Atwood, IL 61913,217-578-2727,,Category:,Libraries
Atwood Police Department,112 S Main St,Atwood, IL 61913,217-578-3141,,Category:,Police &Amp; Law Enforcement
Atwood Processing,102 N Main St,Atwood, IL 61913,217-412-9429,,Category:,Meat Packers Retail
Atwood Tourist Center,110 N Main St,Atwood, IL 61913,217-578-2734,,Category:,Tourists Information
Atwood Village Water Billing,110 W Central St,Atwood, IL 61913,217-578-2512,,Category:,Government Offices Local
Atwood Water Department,120 W Central St,Atwood, IL 61913,217-578-2818,,Category:,Utilities - Gas, Water &Amp; Electric
B & R Construction,175 E Cr 1050n,Atwood, IL 61913,217-578-3453,,Category:,Home Builders
Bradley Osborne Ins,59 E Us Highway 36,Atwood, IL 61913,217-578-3183,,Category:,Insurance
C & R Farms,442 N 1375 East Rd,Atwood, IL 61913,217-578-2864,,Category:,Farms
Cache Bocks Resale Shop,105 N Main St,Atwood, IL 61913,217-390-9621,,Category:,Thrift Stores
Casey's General Store,200 S Main St,Atwood, IL 61913,217-578-2820,,Category:,Restaurants Pizza
Cherub Business Services,61 E Us Highway 36,Atwood, IL 61913,217-578-2255,,Category:,Tax Return Preparation &Amp; Filing
Cornwell Automotive,50 E Us Highway 36,Atwood, IL 61913,217-578-2509,,Category:,Automobile - Repairs &Amp; Services
Cornwell Automotive,55 1/2 E Us Highway 36,Atwood, IL 61913,217-578-2509,,Category:,Automobile - Repairs &Amp; Services
Crist Orchards,45 E Us Highway 36,Atwood, IL 61913,217-578-3196,,Category:,Orchards
DO Itll Atwood,112 N Main St,Atwood, IL 61913,217-578-3212,,Category:,Physicians - General
Eagan Bus Service,419 N Iowa St,Atwood, IL 61913,217-578-3221,,Category:,Buses Charter &Amp; Rental Service
Fay Farms,411 N 1475 East Rd,Atwood, IL 61913,217-578-3498,,Category:,Fruit &Amp; Vegetable Growers &Amp; Shippers
First Baptist Church of Atwood,231 N Illinois St,Atwood, IL 61913,217-578-2555,,Category:,Churches
First State Bank,131 N Main St,Atwood, IL 61913,217-578-2221,,Category:,Banking Services
Franklin Life Insurance Co,59 E Us Highway 36,Atwood, IL 61913,217-578-3142,,Category:,Insurance
Funk Insurance Agency,110 N Main St,Atwood, IL 61913,217-578-2551,,Category:,Insurance
Garrett Township Highway Department,100 SW 2nd St,Atwood, IL 61913,217-578-2911,,Category:,Government Offices Local
Hadden Jewelry,111 N Main St,Atwood, IL 61913,217-578-2200,,Category:,Jewelry Retail
Harris Electric Inc,521 N Illinois St,Atwood, IL 61913,217-578-2231,,Category:,Contractors Electric
Harshbarger Homestead Retreat Center,325 N 1475 East Rd,Atwood, IL 61913,217-578-3118,,Category:,Retreat Facility
High School Schools High School,222 W Magnolia St,Atwood, IL 61913,217-578-3111,,Category:,Schools Academic Secondary &Amp; Elementary
Hilligoss-Shrader Funeral Home,66 E Us Highway 36,Atwood, IL 61913,217-578-3400,,Category:,Funeral Homes &Amp; Directors
Illini Drywall,514 W Orchard St,Atwood, IL 61913,217-578-3024,,Category:,Contractors Drywall
K A Rebar Inc,265 E Cr 1250n,Atwood, IL 61913,217-578-3880,,Category:,Contractors General
Kingery Motors Inc,50 E Us Highway 36,Atwood, IL 61913,217-578-2597,,Category:,Automobile Dealers Used Cars &Amp; Vans
Kirby Rural Health Center,108 N Main St,Atwood, IL 61913,217-578-3814,,Category:,Physicians Md &Amp; Do
L.B. Enterprises Concrete Contractor,1275 E 450 North Rd,Atwood, IL 61913,217-841-1902,,Category:,Septic Tank Contractors
Lake Fork Construction,Atwood, IL 61913,217-578-3349,,Category:,Contractors General
Lake Fork Construction,Atwood, IL 61913,217-578-3827,,Category:,Home Builders
Lake Fork United Ch of Christ Parsonage,345 N 1475 East Rd,Atwood, IL 61913,217-578-2706,,Category:,Churches United Church Of Christ
Lb Enterprises Concrete Contractor,1275 E 450 North Rd,Atwood, IL 61913,217-841-1902,,Category:,Concrete Contractors
Mandhan Narin,108 N Main St,Atwood, IL 61913,217-578-3814,,Category:,Physicians &Amp; Surgeons Md &Amp; Do Family &Amp; General Practice
McClain's Custom Counter Tops,Atwood, IL 61913,217-549-8929,,Category:,Counter Tops
McClain's Custom Counter Tops,345 Po Box,Atwood, IL 61913,217-549-8929,,Category:,Cabinets Retail
Mike's Repair,219 S Wisconsin St,Atwood, IL 61913,217-578-3442
Narin Mandhan DR,108 N Main St,Atwood, IL 61913,217-578-3814,,Category:,Physicians &Amp; Surgeons Md &Amp; Do Internal Medicine
Olde Village Shoppes,105 N Main St,Atwood, IL 61913,217-578-3446,,Category:,Beauty Salons
Osborne Bradley Insurance,59 E Us Highway 36,Atwood, IL 61913,217-578-3183,,Category:,Insurance
Pam's Premium Poultry,500 N 1450 East Rd,Atwood, IL 61913,888-798-9765,,Category:,Agricultural Production
Patient Equipment Rebuild,45 E Us Highway 36,Atwood, IL 61913,217-578-3011,,Category:,Cranes Repairing
Rittenhouse & Son,Atwood, IL 61913,217-578-2723,,Category:,Excavating Contractors
Sav Mor Pharmacy,112 S Main St,Atwood, IL 61913,217-578-2850,,Category:,Drug Stores
Sloan Implement Co,65 E Us Highway 36,Atwood, IL 61913,217-578-2224,,Category:,Farm Equipment Dealers &Amp; Supplies
Specialized Coating,218 W Forest Ave,Atwood, IL 61913,217-578-2986,,Category:,Grain Elevators
The Cutting Edge,116 N Main St,Atwood, IL 61913,217-578-3315,,Category:,Beauty Salons
The Village Craftman,120 N Main St,Atwood, IL 61913,217-578-3834,,Category:,Furniture Designers &Amp; Custom Builders
Timeless Treasures Photography,Atwood, IL 61913,217-273-8951,,Category:,Photography &Amp; Videography
Touching Lives Bookstore & Gifts,231 N Illinois St,Atwood, IL 61913,217-578-2555,,Category:,Churches Baptist
United Church,210 N Main St,Atwood, IL 61913,217-578-2832,,Category:,Churches
United Prairie,103 Camelot Dr,Atwood, IL 61913,217-578-2215,,Category:,Business Services
United States Postal Service,117 W Central St,Atwood, IL 61913,217-578-3223,,Category:,Postal Services
Unity Twp Office,59 E Us Highway 36,Atwood, IL 61913,217-578-3292,,Category:,Government Offices Local
WM Schable Farms Inc,1220 E 400 North Rd,Atwood, IL 61913,217-578-2201,,Category:,Fruit &Amp; Vegetable Growers &Amp; Shippers


