Arthur's Repair Shop,2000 E County Road 450n,Hindsboro, IL 61930,217-346-2737,,Category:,Farm Equipment Dealers &Amp; Supplies
Cargill Incorporated,55 Po Box,Hindsboro, IL 61930,217-346-2222,,Category:,Grain Elevators
Dagny Builders,1720 E State Route 133,Hindsboro, IL 61930,217-317-3714,,Category:,Roofing Contractors
Garzo Tire,501 2nd St,Hindsboro, IL 61930,217-346-3150,,Category:,Tire Dealers
Hindsboro Christian Church,104 Illinois St,Hindsboro, IL 61930,217-346-2268,,Category:,Churches
Hindsboro City Hall,402 Missouri St,Hindsboro, IL 61930,217-346-3233,,Category:,Government Offices Local
Hope House,101 2nd St,Hindsboro, IL 61930,217-268-3732,,Category:,Disabilities Handicapped Services &Amp; Organizations
Mandrell Dave,7 Indiana St,Hindsboro, IL 61930,217-346-2645
Quick Gits,1778 E State Route 133,Hindsboro, IL 61930,217-346-2052,,Category:,Convenience Stores
Roger D Richardson,1970 E County Road 200n,Hindsboro, IL 61930,217-346-2109,,Category:,Trucking General
Schrock Automotive Service & Repair,401 Ohio St,Hindsboro, IL 61930,217-549-3935,,Category:,Automobile - Repairs &Amp; Services
Stumble Inn,1863 E State Route 133,Hindsboro, IL 61930,217-346-2912,,Category:,Restaurants
T-N-T Dumpsters,1700 E County Road 300n,Hindsboro, IL 61930,217-549-0193,,Category:,Rubbish &Amp; Containers &Amp; Hauling
T-N-T Dumpsters,Hindsboro, IL 61930,217-549-0193,,Category:,Garbage &Amp; Rubbish Collection
T-N-T Dumpsters,408 Indiana St,Hindsboro, IL 61930,217-549-0193,,Category:,Rubbish &Amp; Containers &Amp; Hauling
Talbott Chuck Construction,Hindsboro, IL 61930,217-346-2092,,Category:,Contractors General
Teresa's Too,1806 E State Route 133,Hindsboro, IL 61930,217-346-2239,,Category:,Bars Grills &Amp; Pubs
The Five N's,1778 E State Route 133,Hindsboro, IL 61930,217-346-2052,,Category:,Groceries
U-Haul Neighborhood Dealer,1778 E State Route 133,Hindsboro, IL 61930,217-346-2061,,Category:,Truck Renting &Amp; Leasing
United States Postal Service,407 Missouri St,Hindsboro, IL 61930,217-346-2226,,Category:,Postal Services
White Landscaping,1700 E County Road 300n,Hindsboro, IL 61930,217-259-7382,,Category:,Landscape Contractors


