A-1 Good Times Disc Jockey Service,100 E Sale St,Tuscola, IL 61953,217-253-5858,,Category:,Disc Jockey Services
A Air Waves Satellite Service Inc,102 W Sale St,Tuscola, IL 61953,217-253-5855,,Category:,Satellite Equipment &Amp; Systems Retail
A Bloom Above and Beyond,104 E Southline Rd,Ste D,Tuscola, IL 61953,217-253-2314,,Category:,Florists
A & W Experts LLC,1049 N Us Highway 45,Tuscola, IL 61953,217-253-6111,,Category:,Automobile Dealers Used Cars &Amp; Vans
Aaron Gillison Custom Contruction Inc,801 N Niles Ave,Tuscola, IL 61953,217-253-4989
Aaron Parsons DDS,703 N Niles Ave,Tuscola, IL 61953,217-253-5216,,Category:,Dentists
Abbcon Counseling Corp,107 S Central Ave W,Ste 1,Tuscola, IL 61953,217-253-3111,,Category:,Drug Abuse &Amp; Addiction Information &Amp; Treatment
Actors Rural Theatre Co,110 Van Voorhis Dr,Tuscola, IL 61953,217-369-0986,,Category:,Artists Materials &Amp; Supplies
Ad & M,104 N Parke St,Tuscola, IL 61953,937-981-3595
Adams Gordon,809 Beecher Dr,Tuscola, IL 61953,217-253-3048,,Category:,Contractors General
Adkisson Construction,206 N Parke St,Tuscola, IL 61953,217-234-9336,,Category:,Window Installation &Amp; Sales
Adkisson Construction,206 N Parke St,Ste A,Tuscola, IL 61953,217-253-5430,,Category:,Roofing Contractors
Adkisson Construction,206 N Parke St,Tuscola, IL 61953,217-615-2482,,Category:,Roofing Contractors
Adkisson Construction,206 N Parke St,Ste A,Tuscola, IL 61953,217-254-5430,,Category:,Roofing Contractors
Air Products,700 E Us Highway 36,Tuscola, IL 61953,217-253-4451,,Category:,Chemical Milling
Aldridg's,131 W Sale St,Tuscola, IL 61953,217-253-5171,,Category:,Collectibles
All PRO Heating AC Plumbing LLC,122 W Sale St,Tuscola, IL 61953,217-599-1046,,Category:,Air Conditioning &Amp; Heating Service &Amp; Repair
Allen J L Co,Tuscola, IL 61953,217-253-3371,,Category:,Contractors General
Allen's Tax Service,108 W Pembroke St,Tuscola, IL 61953,217-253-3045,,Category:,Tax Return Preparation &Amp; Filing
Allen's Tax Service,107 S Central Ave W,Tuscola, IL 61953,217-253-3045,,Category:,Tax Return Preparation &Amp; Filing
Allied Capital Title,107 S Central Ave W,Tuscola, IL 61953,217-599-1393,,Category:,Title Companies &Amp; Agents
Alora Murphy,102 W Wilson St,Tuscola, IL 61953,217-599-1246,,Category:,Insurance
Ameren Illinois,510 S Washington St,Tuscola, IL 61953,217-253-3187,,Category:,Electric Companies Utility
American Central Insurance,304 E Southline Rd,Tuscola, IL 61953,217-599-1202,,Category:,Insurance
American Eagle Outfitters,D800 Tuscola Blvd,Tuscola, IL 61953,217-253-2215,,Category:,Womens Wear &Amp; Accessories
American Legion,907 E Overton St,Tuscola, IL 61953,217-253-3861,,Category:,Veteran &Amp; Military Organizations
Anderson Siding & Insulation,104 W Ficklin St,Tuscola, IL 61953,217-253-3973,,Category:,Siding Contractors
Anderson's Automobile,1049 N Us Highway 45,Tuscola, IL 61953,217-253-5120,,Category:,Automobile - Repairs &Amp; Services
Anderson's Automobile,Tuscola, IL 61953,217-578-3730,,Category:,Tire Dealers
Anderson's Automotive & Recycling LLC,Tuscola, IL 61953,800-369-2555,,Category:,Truck Towing
Anderson's Recycling,Tuscola, IL 61953,217-578-3730,,Category:,Automobile Towing
Anderson's Towing,Tuscola, IL 61953,877-839-1848,,Category:,Automobile Towing
Anderson's Towing,Tuscola, IL 61953,217-839-1848,,Category:,Towing Service
Anderson's Towing & Auto Repair,Tuscola, IL 61953,217-253-5120,,Category:,Automobile Towing
Arcola First Bank ATM,504 S Main St,Tuscola, IL 61953,,Category:,Automated Teller Machine (Atm)
Arcola Lumber,107 N Main St,Tuscola, IL 61953,217-268-4940,,Category:,Building Materials &Amp; Supplies
Arrow Ambulance,800 S Court St,Tuscola, IL 61953,217-253-5226,,Category:,Ambulance Service
ATI Physical Therapy,605 E Southline Rd,Tuscola, IL 61953,217-253-9100,,Category:,Physical Therapy &Amp; Rehabilitation
ATM,314 E Southline Rd,Tuscola, IL 61953,,Category:,Automated Teller Machine (Atm)
ATM,D200 Tuscola Blvd,Tuscola, IL 61953,,Category:,Automated Teller Machine (Atm)
Atm,1003 E Southline Rd,Tuscola, IL 61953,,Category:,Automated Teller Machine (Atm)
ATM,1000 E Southline Rd,Tuscola, IL 61953,,Category:,Automated Teller Machine (Atm)
ATM,600 S Main St,Tuscola, IL 61953,,Category:,Automated Teller Machine (Atm)
ATM,807 E Southline Rd,Tuscola, IL 61953,,Category:,Automated Teller Machine (Atm)
ATM,214 N Main St,Tuscola, IL 61953,,Category:,Automated Teller Machine (Atm)
ATM,1207 E Southline Rd,Tuscola, IL 61953,,Category:,Automated Teller Machine (Atm)
ATM,1199 Tuscola Blvd,Tuscola, IL 61953,,Category:,Automated Teller Machine (Atm)
ATM,1112 E Southline Rd,Tuscola, IL 61953,,Category:,Automated Teller Machine (Atm)
Atm,600 S Washington St,Tuscola, IL 61953,,Category:,Automated Teller Machine (Atm)
ATM,920 S Washington St,Tuscola, IL 61953,,Category:,Automated Teller Machine (Atm)
Atwood Processing,102 N Main St,Tuscola, IL 61953,217-578-2250,,Category:,Meat Packers Retail
Atwood Tourism & Info Ctr,110 S Main St,Tuscola, IL 61953,217-578-2734,,Category:,Tourists Information
Atwood Video & Tanning,109 N Main St,Tuscola, IL 61953,217-578-3330,,Category:,Tanning Salons
Atwood Village Police Department,112 S Main St,Tuscola, IL 61953,217-578-3141,,Category:,Police Departments
Audibel Hearing Aid Center,104 E Southline Rd,Ste C,Tuscola, IL 61953,217-253-4378,,Category:,Hearing Aids &Amp; Assistive Devices
Audibel Hearing Aid Centers,602 E Southline Rd,Tuscola, IL 61953,217-771-4270,,Category:,Hearing Aids &Amp; Assistive Devices Retail
Austin S Martinez, DDS,1250 E Us Highway 36,Tuscola, IL 61953,217-253-4137,,Category:,Dentists
Awesome Machines Sales & Rentals,104 E Southline Rd,Tuscola, IL 61953,217-253-5241,,Category:,Lawn &Amp; Grounds Maintenance
Baer Tammy L Law Offices,129 W Sale St,Tuscola, IL 61953,217-253-5000,,Category:,Attorneys
Baer Tammy L Law Offices,600 E Southline Rd,Tuscola, IL 61953,217-253-5000,,Category:,Attorneys
Baltimore & Ohio Railroad,96 S Main St,Tuscola, IL 61953,217-253-2213,,Category:,Railroad Companies
Bass Company,1101 E Southline Rd,Tuscola, IL 61953,217-253-3858,,Category:,Shoes Retail
Bass Shoes,1011 E Southline Rd,Tuscola, IL 61953,217-253-3858,,Category:,Discount Stores Plans &Amp; Clubs
Batchelor Landscaping,800 E Newkirk St,Tuscola, IL 61953,217-480-5450,,Category:,Landscape Contractors
Bath & Body Works,D900 Tuscola Blvd,Tuscola, IL 61953,217-253-3801,,Category:,Cosmetics Wholesale &Amp; Manufacturers
Baymont by Wyndham Tuscola,1006 E Southline Rd,Tuscola, IL 61953,217-253-8241,,Category:,Hotels &Amp; Motels
Bear Creek Cabinets,615 N County Road 300 E,Tuscola, IL 61953,217-543-3313,,Category:,Cabinet Makers
Bear Creek Truss Inc,615 N County Road 250 E,Tuscola, IL 61953,217-543-3329,,Category:,Roofing Materials
Becker Construction Inc,1109 E Glenview Dr,Tuscola, IL 61953,217-253-4619,,Category:,Contractors General
Becker Construction Inc,1109 E Glenview Dr,Tuscola, IL 61953,217-253-4618,,Category:,Contractors General
Beckett & Webber,400 S Main St,Tuscola, IL 61953,217-253-2383
Beckett & Webber PC,401 S Main St,Tuscola, IL 61953,217-253-2383,,Category:,Attorneys
Beniach Construction,Tuscola, IL 61953,217-253-2686,,Category:,Contractors General
Beniach Construction Co Inc,307 S Main St,Tuscola, IL 61953,217-253-6100,,Category:,Contractors General
Beniach Construction Co Inc,309 N Main St,Tuscola, IL 61953,217-253-6100,,Category:,Construction Companies
Benny's Heating & Air Conditioning,104 W Wilson St,Tuscola, IL 61953,217-218-9411,,Category:,Heating &Amp; Ventilating Contractors
Benny's Heating & Air Conditioning,Tuscola, IL 61953,217-599-9742,,Category:,Heating &Amp; Ventilating Contractors
Beths Place,100 E Sale St,Tuscola, IL 61953,217-253-6721
Beths Place,462 Po Box,Tuscola, IL 61953,217-253-6721
Beths Place,462 Po Box,Tuscola, IL 61953,217-253-6721,,Category:,Crisis Intervention Service
Bill Hemmer DC,304 E Southline Rd,Tuscola, IL 61953,217-253-2370,,Category:,Chiropractors
Bob's Super Service,Tuscola, IL 61953,217-253-3366,,Category:,Automobile Towing
Bob's Super Service,105 E Southline Rd,Tuscola, IL 61953,217-253-3366,,Category:,Services Stations
Bob's Super Service,Tuscola, IL 61953,217-253-4923,,Category:,Automobile Towing
Bonworth,D600 Tuscola Blvd,Tuscola, IL 61953,217-253-9888,,Category:,Department Stores
Bonworth,B600 Tuscola Blvd,Tuscola, IL 61953,217-253-9888,,Category:,Womens Wear &Amp; Accessories
Botanical Healing Arts LLC,214 E Newkirk St,Tuscola, IL 61953,217-253-6760
BP Service Stations,1000 E Southline Rd,Tuscola, IL 61953,217-253-3115,,Category:,Restaurants
Breen Family Farms,1124 E County Road 1250 N,Tuscola, IL 61953,217-253-4542,,Category:,Fruit &Amp; Vegetable Growers &Amp; Shippers
Brett N Olmstead,401 S Main St,Tuscola, IL 61953,217-253-2383,,Category:,Legal Services Plans
Brookside Wood Products,607 N County Road 475 E,Tuscola, IL 61953,217-268-4440,,Category:,Wood Products
Bryant Industries,531 E Us Highway 36,Tuscola, IL 61953,217-253-2477,,Category:,Recycling Services
Buckeye Partners L.P.,Tuscola, IL 61953,217-253-6163,,Category:,Pipe Line Companies
Buckeye Partners Lp,Tuscola, IL 61953,217-353-6163,,Category:,Pipe Line Companies
Buckeye Patrners LP,965 N County Road 1500 E,Tuscola, IL 61953,217-253-6163,,Category:,Financial Services
Buckles and Bells,708 E Southline Rd,Tuscola, IL 61953,217-253-3986,,Category:,Buckles
Buds Tree Care,Tuscola, IL 61953,217-253-8396,,Category:,Tree Services
Buds Tree Care,203 E Sale St,Tuscola, IL 61953,217-253-9187,,Category:,Tree Services
Bumper to Bumper Auto Parts,708 S Main St,Tuscola, IL 61953,217-253-3532,,Category:,Automobile Parts &Amp; Supplies Retail
Bumper to Bumper Auto Parts,406 E Southline Rd,Tuscola, IL 61953,217-253-4632,,Category:,Automobile Parts &Amp; Supplies


Bumper to Bumper Auto Parts,407 E Southline Rd,Tuscola, IL 61953,217-253-3532,,Category:,Hardware Retail
Burger King,1004 E Southline Rd,Tuscola, IL 61953,217-253-2757,,Category:,Restaurants
C & M Construction & General Contracting,224 Maris Cove Dr,Tuscola, IL 61953,217-202-9435,,Category:,Contractors General
C & M Construction & General Contracting,224 Maris Cove Dr,Tuscola, IL 61953,217-202-9435,,Category:,Real Estate - Development
Cabot Corp,700 E Us Highway 36,Tuscola, IL 61953,217-253-3370,,Category:,Chemicals Wholesale &Amp; Manufacturers
Callaway & Associates,704 N Main St,Tuscola, IL 61953,217-599-1209,,Category:,Radon Testing &Amp; Mitigation Services
Canull Rocky,200 S Center St,Tuscola, IL 61953,217-253-7496
Cargill Incorporated,920 E Us Highway 36,Tuscola, IL 61953,217-253-2722,,Category:,Animal Food &Amp; Supplies Zoo &Amp; Circus
Carle Clinic Tuscola,301 E Southline Rd,Tuscola, IL 61953,217-253-5231,,Category:,Physicians &Amp; Surgeons Md
Carle Therapy Services,301 E Southline Rd,Tuscola, IL 61953,217-253-3426,,Category:,Physical Therapists
Carter's,B1200 Tuscola Blvd,Ste 4031,Tuscola, IL 61953,217-253-5690,,Category:,Childrens &Amp; Infants Clothing Retail
Carters B,1200 Tuscola Blvd,Tuscola, IL 61953,217-253-5690
Casey's General Store,600 S Main St,Tuscola, IL 61953,217-253-4226,,Category:,Restaurants Pizza
Cass Info Systems Claires6324,1011 E Southline Rd,Tuscola, IL 61953,217-253-6506,,Category:,Utilities Contractors
Cefs Rural Public Transportation,107 S Central Ave W,Tuscola, IL 61953,217-253-5469,,Category:,Social &Amp; Human Services Organizations
Central Illinois Title Company,410 S Main St,Tuscola, IL 61953,217-253-6374,,Category:,Title Companies
Champion Fitness,708 E Southline Rd,Ste C,Tuscola, IL 61953,217-253-9100,,Category:,Physical Therapists
Chan Lin DMD,1250 E Us Highway 36,Tuscola, IL 61953,217-253-4317,,Category:,Dentists
Chatter Box Beauty Salon,202 W Van Allen St,Tuscola, IL 61953,217-253-2121,,Category:,Beauty Salons
Chico's,1011 E Southline Rd,Tuscola, IL 61953,217-253-2166,,Category:,Clothes &Amp; Accessories Women Retail
Chico's Outlets,A1200 Tuscola Blvd,Ste 4013,Tuscola, IL 61953,217-253-2166,,Category:,Clothing
Chief/Bauer Heating & Air Conditioning,Tuscola, IL 61953,217-253-8119,,Category:,Heating &Amp; Ventilating Contractors
Chief /Bauer Service Experts,Tuscola, IL 61953,217-253-8203,,Category:,Insulation Contractors
Chinatown Chinese Restaurant,206 E Southline Rd,Tuscola, IL 61953,217-253-4173,,Category:,Restaurants
Chrisi's Cutting Corner,100 N Niles Ave,Tuscola, IL 61953,217-253-2241,,Category:,Beauty Salons
Christie Clinic,300 N Main St,Tuscola, IL 61953,217-253-9258,,Category:,Clinics
Christopher & Banks,D700 Tuscola Blvd,Tuscola, IL 61953,217-253-4176,,Category:,Womens Wear &Amp; Accessories
Church of The Nazarene,1001 Egyptian Trl,Tuscola, IL 61953,217-253-3541,,Category:,Churches Nazarene
Circle Bar M Western Shop,925 N County Road 800 E,Tuscola, IL 61953,217-253-2939,,Category:,Western Apparel Retail
Circle K,314 E Southline Rd,Tuscola, IL 61953,217-253-1099,,Category:,Groceries
City of Tuscola,214 N Main St,Tuscola, IL 61953,217-253-2351,,Category:,Social &Amp; Human Services Organizations
City of Tuscola Fire,104 E Pinzon St,Tuscola, IL 61953,217-253-4631,,Category:,Fire Departments
Claire's,C100 Tuscola Blvd,Tuscola, IL 61953,217-253-6506,,Category:,Boutique Items
Clapper Farms,1009 Egyptian Trl,Tuscola, IL 61953,217-253-5025,,Category:,Fruit &Amp; Vegetable Growers &Amp; Shippers
ClassiCut,501 E County Road 1100 N,Tuscola, IL 61953,217-253-4307,,Category:,Lawn Installation &Amp; Maintenance
Classicut,501 E County Road 1100 N,Tuscola, IL 61953,217-253-4307,,Category:,Landscape Contractors
Classicut Inc.,501 E County Road 1100 N,Tuscola, IL 61953,217-841-8091,,Category:,Home Improvement &Amp; Remodeling
Classicut Lawn Care & Landscaping,501 E County Road 1100 N,Tuscola, IL 61953,217-841-8101,,Category:,Lawn &Amp; Grounds Maintenance
Climate Guard Construction,1424 E County Road 640 N,Tuscola, IL 61953,217-253-9580,,Category:,Contractors General
Climate Guard Roofing,1424 E County Road 640 N,Tuscola, IL 61953,217-621-1073,,Category:,Roofing Contractors
Coach,1011 E Southline Rd,Tuscola, IL 61953,217-253-3030,,Category:,Leather Goods Repairing
Cooper Guitar,800 E Southline Rd,Tuscola, IL 61953,217-253-2299,,Category:,Automobile Dealers Used Cars &Amp; Vans
Cooper Motel,804 E Southline Rd,Tuscola, IL 61953,217-253-4743,,Category:,Motels
Country Financial,306 E Southline Rd,Ste A,Tuscola, IL 61953,217-253-4761,,Category:,Insurance
Country Financial,708 E Southline Rd,Ste D,Tuscola, IL 61953,217-253-2912,,Category:,Insurance
County Government Tuscola,401 S Center St,Ste 203,Tuscola, IL 61953,217-253-3031,,Category:,Government Services
County of Douglas-Dog Pound,1007 S Central Ave E,Tuscola, IL 61953,217-253-4921,,Category:,Pest &Amp; Animal Control
County Realtors,300 E Southline Rd,Tuscola, IL 61953,217-253-3303,,Category:,Real Estate
Courtesy Dry Cleaners,207 S Main St,Tuscola, IL 61953,217-253-4784,,Category:,Cleaners
Cozy Critters Dog Grooming,107 S Central Ave W,Ste 9,Tuscola, IL 61953,217-253-4703,,Category:,Pet Grooming &Amp; Washing
Credit Union 1,625 E Us Highway 36,Ste 1,Tuscola, IL 61953,217-253-4738,,Category:,Loans
Credit Union 1,J600 Tuscola Blvd,Tuscola, IL 61953,217-253-4738,,Category:,Credit Unions
Cricket Wireless Authorized Retailer,700 Progress Blvd,Tuscola, IL 61953,800-274-2538,,Category:,Mobile Telephone Service
Cronus Fertilizers,214 N Main St,Tuscola, IL 61953,217-253-2525,,Category:,Fertilizers Dealers
Csx,96 S Main St,Tuscola, IL 61953,217-253-2211,,Category:,Railroad Contractors
CT Preservation & Remodeling,1001 E Fairview Dr,Tuscola, IL 61953,217-508-8989,,Category:,Siding Contractors
Curves,132 W Sale St,Tuscola, IL 61953,217-253-9000,,Category:,Health Clubs
Custom Vending of Douglas County,1105 N County Road 560 E,Tuscola, IL 61953,217-253-5653,,Category:,Vending Machines Wholesale &Amp; Manufacturers
D Z Deli,15 Walnut Cir,Tuscola, IL 61953,217-346-2750,,Category:,Restaurants Delicatessens
Dairy Queen,1100 E Southline Rd,Tuscola, IL 61953,217-253-2500,,Category:,Restaurants
Dan Herschberger Construction,506 N Center St,Tuscola, IL 61953,217-841-5826,,Category:,Home Builders
Danielson Geoffrey & Susan,800 E Wilson St,Tuscola, IL 61953,217-253-4079
Das Holz Haus,573 N County Road 325 E,Tuscola, IL 61953,217-543-3230,,Category:,Woodwork
Davidson Madalyn M,706 N Center St,Tuscola, IL 61953,217-253-4050
Dennis Ochs Farms,1151 N County Road 1050 E,Tuscola, IL 61953,217-253-4643,,Category:,Farms
Denny's,1104 Tuscola Blvd,Tuscola, IL 61953,217-253-6756,,Category:,Restaurants
Department of Motor Vehicles,100 E Daggy St,Tuscola, IL 61953,217-253-2813,,Category:,Department Of Motor Vehicles
Digital Hearing Aids,602 E Southline Rd,Tuscola, IL 61953,217-253-4378,,Category:,Hearing Aids &Amp; Assistive Devices Retail
DO IT Best,407 E Southline Rd,Tuscola, IL 61953,217-253-5241,,Category:,Hardware Retail
Dollar General,205 E Southline Rd,Tuscola, IL 61953,217-253-2930,,Category:,Groceries
Dome Pipeline Co,965 N County Road 1500 E,Tuscola, IL 61953,217-253-6163,,Category:,Petroleum Services &Amp; Equipment
Douglas County,207 E Ficklin St,Tuscola, IL 61953,217-253-3347,,Category:,Government County
Douglas County,920 S Washington St,Tuscola, IL 61953,217-253-2913,,Category:,Sheriffs Departments
Douglas County,401 S Center St,Ste 204,Tuscola, IL 61953,217-253-4432,,Category:,Government County
Douglas County,401 S Center St,Ste 103,Tuscola, IL 61953,217-253-3031,,Category:,Internet Services
Douglas County,401 S Center St,Ste 105,Tuscola, IL 61953,217-253-5471,,Category:,Attorneys
Douglas County,401 S Center St,Ste 101,Tuscola, IL 61953,217-253-4432
Douglas County,401 S Center St,Ste 203,Tuscola, IL 61953,217-253-3031,,Category:,Courts &Amp; Judges
Douglas County Abstract Inc,110 E Sale St,Tuscola, IL 61953,217-253-3214,,Category:,Title Companies &Amp; Agents
Douglas County Animal Shelter,192 Po Box,Tuscola, IL 61953,217-253-4921,,Category:,Animal Shelters
Douglas County Auto Salvage,485 E County Road 800 N,Tuscola, IL 61953,217-578-3032,,Category:,Automobile - Parts &Amp; Accessories
Douglas County Emergency Service,200 S Prairie St,Tuscola, IL 61953,217-253-2113,,Category:,Transportation Services
Douglas County Health Department,1250 E Us Highway 36,Tuscola, IL 61953,217-253-4137,,Category:,Government Services
Douglas County Mental Health Center,114 W Houghton St,Tuscola, IL 61953,217-253-4731,,Category:,Mental Health Services
Douglas County Senior Services,107 S Central Ave W,Ste 300,Tuscola, IL 61953,217-253-3113,,Category:,Senior Citizens Services &Amp; Organizations
Douglas County Treasurer,401 S Center St,Ste 206,Tuscola, IL 61953,217-253-4011,,Category:,Government Services
Douglas County Tuscola,214 N Main St,Tuscola, IL 61953,217-253-2411,,Category:,Government County
Downtown Diner,125 W Sale St,Tuscola, IL 61953,217-253-4343,,Category:,Restaurants
Dressbarn,B100 Tuscola Blvd,Tuscola, IL 61953,217-253-2539,,Category:,Womens Wear &Amp; Accessories
dressbarn,4019 Tuscola Blvd,Tuscola, IL 61953,217-253-2539,,Category:,Womens Apparel
Dte Tuscola LLC,625 E Us Highway 36,Tuscola, IL 61953,217-253-6922,,Category:,Chemicals Retail
Eagle Mountain Assembly of God,401 E Sale St,Tuscola, IL 61953,217-253-4444,,Category:,Churches Assembly Of God
East Central Farm Business,900 S Washington St,Ste B,Tuscola, IL 61953,217-253-5227,,Category:,Farm Management Services
East Prairie Junior High Schl,409 S Prairie St,Tuscola, IL 61953,217-253-2828,,Category:,Schools
Edward Jones Investments,502 E Southline Rd,Ste 2B,Tuscola, IL 61953,217-253-5053,,Category:,Financial Services
El Vaquero,200 Holiday Dr,Tuscola, IL 61953,217-234-7290,,Category:,Restaurants
Elisabeth R Pollock,401 S Main St,Tuscola, IL 61953,217-253-2383,,Category:,Attorneys
Embarras River Basin Agency,Tuscola, IL 61953,217-253-4434,,Category:,Social Service Organizations
Embarras River Basin Agency,107 S Central Ave W,Ste 700,Tuscola, IL 61953,217-253-4434,,Category:,Social &Amp; Human Services Organizations
Embarras River Basin Agency Head Start,109 E Van Allen St,Tuscola, IL 61953,217-253-2890,,Category:,Schools Academic Preschool &Amp; Kindergarten


Emerson Moore Atty,401 S Main St,Tuscola, IL 61953,217-253-2383,,Category:,Attorneys
Epco,1025 N County Road 615 E,Tuscola, IL 61953,217-253-3183,,Category:,Power Plant Equipment &Amp; Services
Equistar Chemicals LP,625 E Us Highway 36,Tuscola, IL 61953,217-253-3311,,Category:,Chemicals Retail
Erie Insurance,206 Po Box,Tuscola, IL 61953,217-253-6471,,Category:,Insurance
F H Jones Lmbr Co,100 N Parke St,Tuscola, IL 61953,217-253-3359,,Category:,Lumber Retail
Faith Baptist Church,300 E Northline Rd,Tuscola, IL 61953,217-253-2084,,Category:,Churches Baptist Independent
Farm Bureau Insurance,105 N Main St,Tuscola, IL 61953,217-253-4442,,Category:,Insurance
Farm Financial Analyst Consltnts,120 W Sale St,Tuscola, IL 61953,217-253-4200,,Category:,Farm Management Services
Farm Service Agency,900 S Washington St,Tuscola, IL 61953,217-253-4359,,Category:,Farm Management Services
Farmers Insurance,129 W Sale St,Tuscola, IL 61953,217-253-5421,,Category:,Real Estate
Fauke Paul,801 E Van Allen St,Tuscola, IL 61953,217-253-2771
Federated Insurance,120 Wilshire Dr,Tuscola, IL 61953,217-253-3369,,Category:,Insurance
Federated Insurance,40 N Prairieview Ave,Tuscola, IL 61953,217-253-3744,,Category:,Insurance
FedEx Drop Box,504 S Main St,Tuscola, IL 61953,,Category:,Shipping Services
First Baptist Church,300 E Daggy St,Tuscola, IL 61953,217-253-4231,,Category:,Churches Baptist
First Christian Church,300 E Northline Rd,Tuscola, IL 61953,217-253-2394,,Category:,Churches Christian
First Christian Church,100 E Church St,Tuscola, IL 61953,217-253-2394,,Category:,Churches Christian
First Mid-Illinois Bank & Trust,410 S Main St,Tuscola, IL 61953,217-253-3344,,Category:,Banks
First National Bank,504 S Main St,Tuscola, IL 61953,217-253-4774,,Category:,Loans
First State Bank,801 S Main St,Tuscola, IL 61953,217-253-2265,,Category:,Loans
First Step Home Sleep Testing,704 N Main St,Ste 103,Tuscola, IL 61953,217-253-3333,,Category:,Physicians &Amp; Surgeons Sleep Medicine
Flesor's Candy Kitchen,101 W Sale St,Tuscola, IL 61953,217-253-3753,,Category:,Candy &Amp; Confectionery Retail
Floyds Barber Shop,107 W Sale St,Tuscola, IL 61953,217-253-9011,,Category:,Barber
Foltz Welding Ltd,208 S Prairie St,Tuscola, IL 61953,217-253-5210,,Category:,Welding
Foote Sally J,140 W Sale St,Tuscola, IL 61953,217-253-3221,,Category:,Veterinary Clinics &Amp; Hospitals
Ford of Tuscola,406 E Southline Rd,Tuscola, IL 61953,217-253-3353,,Category:,Automobile Dealers New Cars
Ford Rental Car Service,406 E Southline Rd,Tuscola, IL 61953,217-253-3353,,Category:,Automobile - Rentals
Forty Martyrs Catholic Church,201 E Van Allen St,Tuscola, IL 61953,217-253-4412,,Category:,Churches Christian
Forty Martyrs Catholic Church,110 E Van Allen St,Tuscola, IL 61953,217-253-4412,,Category:,Churches Catholic
Foster Farms,529 E County Road 1050 N,Tuscola, IL 61953,217-253-3478,,Category:,Poultry Farms &Amp; Services
Four Seasons Auto Plaza,407 E Southline Rd,Tuscola, IL 61953,217-253-3341,,Category:,Automobile Dealers New Cars
Four Seasons Auto Plaza,501 E Southline Rd,Tuscola, IL 61953,217-253-3341,,Category:,Automobile Dealers New Cars
Freds Barber Shop,404 S Washington St,Tuscola, IL 61953,217-253-4125,,Category:,Barber
Fuel Mart,1207 E Us Highway 36,Tuscola, IL 61953,217-253-3811,,Category:,Gasoline Stations
Funeral Hilligoss-Shrader Home Pc,705 S Main St,Tuscola, IL 61953,217-253-2311,,Category:,Funeral Homes &Amp; Directors
G E Grothoff & Assoc,45 Poplar Dr,Tuscola, IL 61953,217-621-6898
Gap,E800 Tuscola Blvd,Tuscola, IL 61953,217-253-6666,,Category:,Womens Wear &Amp; Accessories
Genuine Kids,1011 E Southline Rd,Tuscola, IL 61953,217-253-3349,,Category:,Storefronts
George Hettinger & Sons,508 E Barker St,Tuscola, IL 61953,217-253-2662,,Category:,Plumbing Contractors
Glass Specialty,200 S Parke St,Tuscola, IL 61953,217-253-6396,,Category:,Glass Automobile Plate Window Etc Dealers
Gould Transportation Services,Tuscola, IL 61953,217-253-2232,,Category:,Buses School Transportation Service
Gould Transportation Services,Tuscola, IL 61953,217-253-3732,,Category:,Automobile Towing
Green Wave Lawn Care,308 E County Road 600 N,Tuscola, IL 61953,217-841-1676,,Category:,Lawn &Amp; Garden Equipment &Amp; Supplies Wholesale &Amp; Manufacturers
Greg's Bates Automotive,1100 S Washington St,Tuscola, IL 61953,217-253-8562,,Category:,Automobile - Repairs &Amp; Services
H&R Block,701 S Main St,Tuscola, IL 61953,217-253-5696,,Category:,Tax Return Preparation &Amp; Filing
H&R Block,701 N Main St,Tuscola, IL 61953,217-253-5696,,Category:,Tax Return Preparation &Amp; Filing
Harry & David,1011 E Southline Rd,Tuscola, IL 61953,217-253-5292,,Category:,Gift Shops
Hausmann Electric Inc,501 E Pinzon St,Tuscola, IL 61953,217-253-3247,,Category:,Contractors Electric
Helitech Waterproofing & Foundation Repair,Tuscola, IL 61953,217-253-8806,,Category:,Waterproofing Contractors Residential
Helitech Waterproofing & Foundation Repair,Tuscola, IL 61953,217-253-8566,,Category:,Foundation Contractors
Herschberger Concrete,415 E County Road 700 N,Tuscola, IL 61953,217-578-2878,,Category:,Concrete Contractors
Herschberger Windows Inc,623 N County Road 250 E,Tuscola, IL 61953,217-543-2106,,Category:,Doors Wholesale &Amp; Manufacturers
Hettinger Bros Plumbing Heating & Air Conditioning,308 E Southline Rd,Tuscola, IL 61953,217-253-4314,,Category:,Plumbing Contractors
Hettinger Construction,119 E Sale St,Tuscola, IL 61953,217-253-2511,,Category:,Contractors General
Hettinger CPA Office,300 E Southline Rd,Tuscola, IL 61953,217-253-5272,,Category:,Tax Return Preparation &Amp; Filing
Hettinger CPA Office Tony Hettinger CPA,304 E Southline Rd,Tuscola, IL 61953,217-253-5272,,Category:,Accountants Certified Public
Hettinger Geo & Sons Plumbing Heating & Air Conditioning,132 W Sale St,Tuscola, IL 61953,217-253-2662,,Category:,Plumbing Contractors
Hettinger & Sons Plbg & Htg,132 W Sale St,Tuscola, IL 61953,217-253-2682,,Category:,Heating &Amp; Ventilating Contractors
Hillard Insurance & Real EST,500 S Main St,Tuscola, IL 61953,217-253-2388,,Category:,Insurance
Hinckley Springs Water,Tuscola, IL 61953,217-253-8444,,Category:,Water Companies Bottled Bulk Etc
Holiday Inn Express,1201 Tuscola Blvd,Tuscola, IL 61953,217-253-6363,,Category:,Hotels &Amp; Motels
Homestead Furniture,275 E County Road 600 N,Tuscola, IL 61953,217-543-3334,,Category:,Furniture Dealers
Hotwire Networks,134 W Sale St,Tuscola, IL 61953,217-253-2664
Howard's Pool Room,121 S Central Ave W,Tuscola, IL 61953,217-253-6346,,Category:,Billiard Parlors &Amp; Halls
Hunt Excavating Inc,100 S Carico St,Tuscola, IL 61953,217-253-9166,,Category:,Excavating Contractors
IGA,607 E Southline Rd,Tuscola, IL 61953,217-253-4781,,Category:,Groceries
Illiana Distributing,631 N County Road 475 E,Tuscola, IL 61953,217-268-4325,,Category:,Energy Conservation Products &Amp; Services Retail
Illiana Distributing-P2000,546 E County Road 650 N,Tuscola, IL 61953,217-268-4325,,Category:,Insulation Materials Cold &Amp; Heat Retail
Illini Fs,1000 E Wilson St,Tuscola, IL 61953,217-253-2348,,Category:,Buildings Pole &Amp; Post Frame
Illini Fs,1004 E County Road 1450 N,Tuscola, IL 61953,217-253-2850,,Category:,Feed Dealers
Illini Fs,1000 E Wilson St,Tuscola, IL 61953,217-253-5447,,Category:,Contractors General
Illini Fs,100 E Wilson St,Tuscola, IL 61953,217-253-5447,,Category:,Tire Dealers
Illinois Central Railroad,1100 N Us Highway 45,Tuscola, IL 61953,217-253-5096,,Category:,Railroad Freight
Illinois Central Railroad Co,310 E Pembroke St,Tuscola, IL 61953,217-253-2078,,Category:,Railroad Companies
Illinois Dept of Transportation,1200 E Us Highway 36,Tuscola, IL 61953,217-253-4414,,Category:,Trucking Motor Freight
Illinois Dept of Transportation,1200 E Us Highway 36,Tuscola, IL 61953,217-253-2711,,Category:,Trucking Motor Freight
Illinois-State,108 W Sale St,Tuscola, IL 61953,217-253-4242,,Category:,Social &Amp; Human Services Organizations
Immanuel Lutheran Church-Tuscola,600 E Northline Rd,Tuscola, IL 61953,217-253-4341,,Category:,Churches Lutheran
Immanuel Lutheran Church-Tuscola,706 E Northline Rd,Tuscola, IL 61953,217-253-4539,,Category:,Clergy
Imtiaz M Ahmad MD,704 N Main St,Tuscola, IL 61953,217-379-2161,,Category:,Physicians Md &Amp; Do
Iron Horse Golf Club,2001 Iron Horse Dr,Tuscola, IL 61953,217-253-6644,,Category:,Golf Courses &Amp; Locations
Iron Horse Golf Club,2000 Iron Horse Dr,Tuscola, IL 61953,217-253-6644,,Category:,Golf Courses &Amp; Locations
Isaac Lee MD,300 N Main St,Tuscola, IL 61953,217-253-9258,,Category:,Physicians Md &Amp; Do
It'll DO 2,600 S Washington St,Tuscola, IL 61953,217-253-4500,,Category:,Bars Grills &Amp; Pubs
Ivy Poison Sound & Lighting,507 E County Road 800 N,Tuscola, IL 61953,217-578-3331,,Category:,Lighting Systems &Amp; Equipment
J D Lee Law Offices LLC,606 N Main St,Tuscola, IL 61953,217-253-5414,,Category:,Attorneys
J.D. Lee Law Offices, LLC,606 S Main St,Tuscola, IL 61953,217-253-5414,,Category:,Attorneys
Jackson Hewitt Tax Service,209 S Main St,Tuscola, IL 61953,217-253-8038,,Category:,Tax Return Preparation &Amp; Filing
Jacqui's Salon,604 N Center St,Tuscola, IL 61953,217-599-1019,,Category:,Beauty Salons
James D Lee Atty,606 N Main St,Tuscola, IL 61953,217-253-9335,,Category:,Attorneys
Jarman Center,704 N Main St,Ste 101,Tuscola, IL 61953,217-253-2325,,Category:,Assisted Living &Amp; Elder Care Services
Jason Braaten Pastor,706 E Northline Rd,Tuscola, IL 61953,217-253-4539
Jerry & Jans Yard Care,510 N Center St,Tuscola, IL 61953,217-202-4704,,Category:,Lawn &Amp; Grounds Maintenance
Jim Kleiss Invstmnts,502 E Southline Rd,Tuscola, IL 61953,217-253-5053
Jimmy John's,1002 E Southline Rd,Tuscola, IL 61953,217-253-3377,,Category:,Restaurants
Jimmy John's,101 Triple A Way,Tuscola, IL 61953,217-253-3377,,Category:,Sandwiches
JM Electric,Tuscola, IL 61953,217-253-7556,,Category:,Contractors Electric
JM Transport Inc,628 E Us Highway 36,Tuscola, IL 61953,217-253-6214,,Category:,Trucking General
Jockey,E400 Tuscola Blvd,Tuscola, IL 61953,217-253-2066,,Category:,Hosiery Retail
Joe's Pizza,102 W Sale St,Tuscola, IL 61953,217-253-6500,,Category:,Restaurants Pizza


John E Pflum,1255 N County Road 750 E,Tuscola, IL 61953,217-253-3615
Joyce Ritter,309 E Barker St,Tuscola, IL 61953,217-253-4419
Juliani Any,605 Pheasant Run Rd,Tuscola, IL 61953,217-599-1063
Justice,E300 Tuscola Blvd,Tuscola, IL 61953,217-253-4969,,Category:,Clothing &Amp; Accessories
Kangaroo,1199 Tuscola Blvd,Tuscola, IL 61953,217-253-8918,,Category:,Restaurants
Kaskaskia Metals,435 E County Road 700 N,Tuscola, IL 61953,217-578-3824,,Category:,Metal Fabricators
Kauffmans Custom Wood Intrrs,504 E County Road 650 N,Tuscola, IL 61953,217-268-3207,,Category:,Kitchen Planning &Amp; Remodeling Service
Kaufman Concrete,456 E County Road 675 N,Tuscola, IL 61953,217-578-2765,,Category:,Concrete Contractors
Kelly Construction,700 E Us Highway 36,Tuscola, IL 61953,217-253-9876,,Category:,Contractors General
Kelsey Furniture Co Inc,215 N Main St,Tuscola, IL 61953,217-253-2142,,Category:,Furniture Dealers
Ken Nichols Insulation,114 Holiday Dr,Tuscola, IL 61953,217-253-5697,,Category:,Insulation Contractors
Kestner Educational Service,650 N County Road 1760 E,Tuscola, IL 61953,217-346-2498,,Category:,Consultants
Kimberly Livezey DVM,400 E Northline Rd,Tuscola, IL 61953,217-253-2242,,Category:,Veterinary Clinics &Amp; Hospitals
Kinney Electric Service,208 S Carico St,Tuscola, IL 61953,217-253-2131,,Category:,Contractors Electric
Kitchen Collections,1011 E Southline Rd,Tuscola, IL 61953,217-253-4737,,Category:,Kitchen Accessories Retail
Korean War Educator Foundation,111 E Houghton St,Tuscola, IL 61953,217-253-4620
Koret Of California,D850 Tuscola Blvd,Tuscola, IL 61953,217-253-2072,,Category:,Clothing Stores
Kremitzki Truck & Trailer,1005 N County Road 610 E,Tuscola, IL 61953,217-253-9256,,Category:,Truck Repair &Amp; Service
L M Specialties,267 E County Road 600 N,Tuscola, IL 61953,217-543-3922,,Category:,Refrigeration Services
Land Olakes,217 Maris Cove Dr,Tuscola, IL 61953,217-253-2533
Lane Bryant,E500 Tuscola Blvd,Tuscola, IL 61953,217-253-2324,,Category:,Womens Apparel
Larsson Woodyard & Henson LLP,129 W Sale St,Tuscola, IL 61953,217-253-5146,,Category:,Accountants Certified Public
Laura K Bitts MD,301 E Southline Rd,Tuscola, IL 61953,217-253-5231,,Category:,Physicians Md &Amp; Do
Leamon Construction,204 E Pinzon St,Tuscola, IL 61953,217-253-4581,,Category:,Contractors General
Leggs Hanes Bali Playtex Express,E650 Tuscola Blvd,Tuscola, IL 61953,217-253-6911,,Category:,Outlets Factory Mill Etc
Lighthouse Insurance,104 E Southline Rd,Ste C,Tuscola, IL 61953,217-253-2008,,Category:,Insurance
Lindsay B Kearns,401 S Main St,Tuscola, IL 61953,217-253-2383,,Category:,Attorneys
Liquid Transport Corp,625 E Us Highway 36,Tuscola, IL 61953,217-253-5444,,Category:,Trucking General
Little Auto Repair,106 E Southline Rd,Tuscola, IL 61953,217-253-9512,,Category:,Automobile - Repairs &Amp; Services
Los Potros,208 N Parke St,Tuscola, IL 61953,217-253-6750,,Category:,Restaurants
Loyal Order of Moose Lodges,807 E Southline Rd,Tuscola, IL 61953,217-253-2911,,Category:,Clubs
Lust Ted & Danita,111 E Pembroke St,Tuscola, IL 61953,217-253-2098,,Category:,Disc Jockey Services
Lydia Q Villafuerte MD,704 N Main St,Tuscola, IL 61953,217-379-2161,,Category:,Physicians Md &Amp; Do
Lyondell Chemical,625 E Us Highway 36,Tuscola, IL 61953,217-253-1220,,Category:,Chemicals Retail
Madalyn M Davidson DMD,703 N Niles Ave,Tuscola, IL 61953,217-253-5216,,Category:,Dentists
Madalyn M Davidson DMD,706 N Center St,Tuscola, IL 61953,217-253-4050,,Category:,Dentists
Marker Jeff & Deborah,564 E County Road 1050 N,Tuscola, IL 61953,217-253-6522
Maurices,E600 Tuscola Blvd,Tuscola, IL 61953,217-253-2374,,Category:,Womens Apparel
Maus Family Funeral Home,400 S Main St,Tuscola, IL 61953,217-253-1000,,Category:,Funeral Homes &Amp; Directors
Maus Jason & Jonda,400 S Main St,Tuscola, IL 61953,217-253-9959,,Category:,Funeral Homes &Amp; Directors
Mccartney's Carpet Care,Tuscola, IL 61953,217-253-2259,,Category:,Carpet &Amp; Rug Cleaners
McDonald's,1005 E Southline Rd,Tuscola, IL 61953,217-253-5266,,Category:,Restaurants
Meadow Green Apartments,206 Nicholas Dr,Tuscola, IL 61953,217-253-6657,,Category:,Apartment Referral Service
Meltzer Robert,1019 S Eastview Dr,Tuscola, IL 61953,217-253-2190
Michael G Carroll,710 Lakeshore Dr,Tuscola, IL 61953,217-253-4172,,Category:,Attorneys
Michael G Carroll Atty,401 S Main St,Tuscola, IL 61953,217-253-2383,,Category:,Attorneys
Mid-America Pipeline Co,1025 N County Road 615 E,Tuscola, IL 61953,217-253-4281,,Category:,Pipe Line Companies
Midstates Meter Co,909 E Short St,Tuscola, IL 61953,217-253-2636,,Category:,Meters
Miller's Dry Goods,546 E County Road 650 N,Tuscola, IL 61953,217-268-5117,,Category:,Fabric Shops
Miller's Holzwerk Kitchens,675 N County Road 300 E,Tuscola, IL 61953,217-578-3499,,Category:,Cabinet Makers
Milltown Paper Inc,502 E Southline Rd,Ste 2D,Tuscola, IL 61953,217-253-9480,,Category:,Paper Products Retail
Monical's Pizza,900 S Court St,Tuscola, IL 61953,217-253-4749,,Category:,Restaurants Pizza
Moody David & Suzanne,105 E Scott St,Tuscola, IL 61953,217-253-2896
Mr. Rooter,Tuscola, IL 61953,217-253-9940,,Category:,Plumbing Contractors
Mr. Rooter Plumbing,Tuscola, IL 61953,217-253-8714,,Category:,Plumbing Contractors
Mr. Rooter Plumbing,Tuscola, IL 61953,217-253-8715,,Category:,Plumbing Contractors
Museum Association Of D C,700 S Main St,Tuscola, IL 61953,217-253-2535,,Category:,Museums
Netcare Internet & Computer Sv,305 E Sale St,Tuscola, IL 61953,217-253-6488,,Category:,Computer System Designers &Amp; Consultants
Netcare Internet Services,305 E Sale St,Tuscola, IL 61953,217-253-6488,,Category:,Internet On Line Service Providers
New Tansitions,1304 Tuscola Blvd,Unit 5,Tuscola, IL 61953,217-253-2971,,Category:,Gift Shops
Nike,B1000 Tuscola Blvd,Tuscola, IL 61953,217-253-2058,,Category:,Department Stores
Nike,B800 Tuscola Blvd,Tuscola, IL 61953,217-253-2058,,Category:,Shoes &Amp; Shoe Repairs
Nikkole Patterson DDS,703 N Niles Ave,Tuscola, IL 61953,217-253-5216,,Category:,Dentists
North Ward Elementary School,1201 N Prairie St,Tuscola, IL 61953,217-253-2712,,Category:,Schools
Okaw Veterinary Clinic,140 W Sale St,Tuscola, IL 61953,217-253-3221,,Category:,Veterinary Clinics &Amp; Hospitals
Old Navy,E800 Tuscola Blvd,Tuscola, IL 61953,217-253-3465,,Category:,Womens Wear &Amp; Accessories
Open Road Paving,107 S Central Ave W,Tuscola, IL 61953,217-253-7501,,Category:,Paving Contractors
O'Reilly Auto Parts,909 E Southline Rd,Tuscola, IL 61953,217-570-3018,,Category:,Automobile Parts &Amp; Supplies
Orkin Pest & Termite Control,Tuscola, IL 61953,217-253-3813,,Category:,Pest Control Services
Otto D Leroy,613 N County Road 475 E,Tuscola, IL 61953,217-268-4970,,Category:,Consultants
P&C Market And Deli,209 S Main St,Tuscola, IL 61953,217-578-2738,,Category:,Restaurants Delicatessens
Paddy Wagon Antiques,101 E Southline Rd,Tuscola, IL 61953,217-253-9150,,Category:,Antique Dealers
Pangburn Oil Co,108 W Ficklin St,Tuscola, IL 61953,217-253-6155,,Category:,Oil Fuel
Panhandle Eastern Pipe Line Co,575 E Us Highway 36,Tuscola, IL 61953,217-253-2361,,Category:,Pipe Line Companies
Paper Converters,502 E Southline Rd,Tuscola, IL 61953,217-253-9249,,Category:,Paper Mill Equipment &Amp; Supplies
Paper Factory Outlet Party Store,1011 E Southline Rd,Tuscola, IL 61953,217-253-4664,,Category:,Party Supplies &Amp; Equipment Sales Rentals
Park Stone Fire Alarm X,600 E Ficklin St,Tuscola, IL 61953,217-599-1120,,Category:,Burglar Alarm Systems Dealers Installation Monitoring &Amp; Service
Park Stone Security Sys X,600 E Ficklin St,Tuscola, IL 61953,217-599-1126,,Category:,Security Control Equipment Systems &Amp; Monitoring
Park Stone Security System X,600 E Ficklin St,Tuscola, IL 61953,217-599-1128,,Category:,Security Control Equipment Systems &Amp; Monitoring
Park Stone Villas,600 E Ficklin St,Apt 210,Tuscola, IL 61953,217-599-1163,,Category:,Apartment Referral Service
Park Stone Villas X,600 E Ficklin St,Apt 210,Tuscola, IL 61953,217-599-1172,,Category:,Apartment Referral Service
Park Stone Villas X,600 E Ficklin St,Apt 208,Tuscola, IL 61953,217-599-1161,,Category:,Apartment Referral Service
Park Stone Villas X,600 E Ficklin St,Apt 207,Tuscola, IL 61953,217-599-1160,,Category:,Apartment Referral Service
Park Villas X,600 E Ficklin St,Apt 301,Tuscola, IL 61953,217-599-1173,,Category:,Real Estate - Property Management
Parkview Mobile Home Park Offices,950 N Us Highway 45,Trlr 1,Tuscola, IL 61953,217-253-4521,,Category:,Manufactured Mobile Homes &Amp; Parks
Parkview Vinyl Fencing & Decks,375 E County Road 700 N,Tuscola, IL 61953,217-578-3015,,Category:,Fencing
Parkview Vinyl Fencing & Decks,375 E County Road 700 N,Tuscola, IL 61953,217-273-7339,,Category:,Fencing
Patricia Slaughter,206 Timmons Dr,Tuscola, IL 61953,217-253-4224
Paul Freebairn Consult,120 W Sale St,Tuscola, IL 61953,217-253-4200
Petals & Plants Florist,107 N Main St,Tuscola, IL 61953,217-253-4162,,Category:,Florists
Peter T Borich,401 S Main St,Tuscola, IL 61953,217-253-2383,,Category:,Attorneys
Phillips 66,314 E Southline Rd,Tuscola, IL 61953,217-253-1099,,Category:,Services Stations
Phillips Paint & Body Shop,1175 N County Road 850 E,Tuscola, IL 61953,217-253-4959,,Category:,Automobile Body Shop Services
Pizza Hut,1110 Tuscola Blvd,Tuscola, IL 61953,217-253-6767,,Category:,Restaurants Pizza
Pizza Hut / Wingstreet,1110 Tuscola Blvd,Tuscola, IL 61953,217-253-6767,,Category:,Restaurants Pizza
Polo Ralph Lauren,1011 E Southline Rd,Tuscola, IL 61953,217-253-4753,,Category:,Womens Wear &Amp; Accessories
Ponder Clifford,400 E Northline Rd,Tuscola, IL 61953,217-253-2242,,Category:,Veterinary Clinics &Amp; Hospitals
Praire Contractors,1005 E Southline Rd,Tuscola, IL 61953,217-253-3464,,Category:,Home Builders
Prairie Circle Dental PC,703 N Niles Ave,Tuscola, IL 61953,217-253-5216,,Category:,Dentists
Prairie Industries Inc,779 E Us Highway 36,Tuscola, IL 61953,217-253-5426,,Category:,Electronic Equipment &Amp; Supplies Dealers


Price Gregory,519 E Us Highway 36,Tuscola, IL 61953,217-253-2560,,Category:,Groceries
Proud Marys',1003 E Southline Rd,Tuscola, IL 61953,217-253-3172,,Category:,Bars Grills &Amp; Pubs
Quality Welding & Fabrication,817 Beecher Dr,Tuscola, IL 61953,217-253-4021,,Category:,Welding
R & N Components,261 E County Road 600 N,Tuscola, IL 61953,217-543-3495,,Category:,Contractors General
Radio Shack,104 E Southline Rd,Tuscola, IL 61953,217-253-5241,,Category:,Electronic Equipment &Amp; Supplies Dealers
Radio Shack,407 E Southline Rd,Tuscola, IL 61953,217-253-5241,,Category:,Electronic Equipment &Amp; Supplies
Real Life Wellness Center,902 S Court St,Ste 2,Tuscola, IL 61953,217-253-9355,,Category:,Nutritionists
Reebok Outlet,A800 Tuscola Blvd,Tuscola, IL 61953,217-253-9560,,Category:,Shoes Retail
Richard D Davidson,703 N Niles Ave,Tuscola, IL 61953,217-253-5216,,Category:,Dentists
Ring Farms,1103 N County Road 1250 E,Tuscola, IL 61953,217-253-4807,,Category:,Farms
Ristorante Tuscano,105 W Southline St,Tuscola, IL 61953,217-253-1030,,Category:,Restaurants
Rjt Consulting,606 S Main St,Tuscola, IL 61953,217-253-3993,,Category:,Insurance
Road Ranger,1112 E Southline Rd,Tuscola, IL 61953,815-315-4988,,Category:,Truck Stops
Road Ready Inc,1000 E Southline Rd,Tuscola, IL 61953,217-253-3000,,Category:,Truck Repair &Amp; Service
Roadranger,1012 E Southline Rd,Tuscola, IL 61953,217-253-4115,,Category:,Services Stations
Roger & Brent Reed,33 N Prairieview Ave,Tuscola, IL 61953,217-253-9823,,Category:,Grain Salvage &Amp; Transfer Service
Romine Makeup Artistry,56 Poplar Dr,Tuscola, IL 61953,217-493-3122,,Category:,Beauty Salons
Roto Rooter Plumbing & Drain Services,Tuscola, IL 61953,217-253-8583,,Category:,Sewer &Amp; Drain Cleaning Service &Amp; Repair
Roto Rooter Plumbing & Drain Services,Tuscola, IL 61953,217-253-8742,,Category:,Plumbing Contractors
Roto Rooter Plumbing & Drain Services,Tuscola, IL 61953,217-253-8740,,Category:,Plumbing Contractors
Roto Rooter Plumbing & Drain Services,Tuscola, IL 61953,217-253-8574,,Category:,Plumbing Contractors
Roto Rooter Plumbing & Drain Services,Tuscola, IL 61953,217-253-8620,,Category:,Plumbing Contractors
S B L Tuscola Clinic,1100 Tuscola Blvd,Tuscola, IL 61953,217-253-2020,,Category:,Clinics
Sally J Foote DVM,140 W Sale St,Tuscola, IL 61953,217-253-3221,,Category:,Veterinary Clinics &Amp; Hospitals
SAS Factory Shoe Store,D1000 Tuscola Blvd,Tuscola, IL 61953,217-253-6727,,Category:,Shoes Retail
Sav -Mor Pharmacy & Gift Shop,104 E Southline Rd,Ste A,Tuscola, IL 61953,217-253-2309,,Category:,Pharmacies
Sav-Mor Pharmacy & Gift Shop,104 E Southline Rd,Tuscola, IL 61953,217-253-2309,,Category:,Photo Finishing Retail
Schlabach's Bike Shop,330 E County Road 600 N,Tuscola, IL 61953,217-543-3493,,Category:,Bicycle Dealers Repairers &Amp; Rentals
Scoggins Training Center,700 N County Road 1375 E,Tuscola, IL 61953,217-253-4937,,Category:,Horse Rentals &Amp; Riding
Scotts Trucking,404 N Prairie St,Tuscola, IL 61953,217-253-4899,,Category:,Trucking Transportation Brokers
Selvidge Donal R DC & Nancy DC Off,1011 E Southline Rd,Tuscola, IL 61953,217-253-4664,,Category:,Physical Therapists
Sewing by Kathy,304 E Pinzon St,Tuscola, IL 61953,217-253-4043,,Category:,Alterations Clothing
Sheriffs Office,920 S Washington St,Tuscola, IL 61953,217-253-3511,,Category:,Sheriffs Departments
Shopko Hometown,700 Progress Blvd,Tuscola, IL 61953,217-253-9237,,Category:,Groceries
Shute Mary,404 E Wilson St,Tuscola, IL 61953,217-253-4234
Sidney Shadow,134 W Sale St,Tuscola, IL 61953,217-599-1256
Signal 88 Security,304 Douglas Dr,Tuscola, IL 61953,217-841-6119,,Category:,Security Guard &Amp; Patrol Service
Simple Pleasures Bed & Breakfast,600 N State Route 130,Tuscola, IL 61953,217-253-3319,,Category:,Hotels Motels Bed &Amp; Breakfast
Since 1776 Repurposed Items & Antiques,102 W Sale St,Tuscola, IL 61953,217-253-3777,,Category:,Antique Dealers
SKECHERS Factory Outlet,1200 Tuscola Blvd,Unit D,Tuscola, IL 61953,217-253-4411,,Category:,Shoes
Slaughter Robert & Julie,902 Timmons Dr,Tuscola, IL 61953,217-253-5021,,Category:,Preschools
Slone Ocil & Neil,708 Lakeshore Dr,Tuscola, IL 61953,217-253-4946
Son Light Power Gym,206 S Washington St,Tuscola, IL 61953,217-253-5429,,Category:,Health Clubs
Son Light Power Gym,122 W Sale St,Tuscola, IL 61953,217-253-5429,,Category:,Health Clubs &Amp; Gymnasiums
Southgate Manor Apartments,200 Van Voorhis Dr,Tuscola, IL 61953,217-253-2578,,Category:,Apartment Referral Service
Spirits of Tuscola,911 E Southline Rd,Tuscola, IL 61953,217-253-3517,,Category:,Liquor Stores Retail
Sports Den,B400 Tuscola Blvd,Tuscola, IL 61953,217-253-4329
Stars Dolls & Gifts,121 S Central Ave W,Tuscola, IL 61953,217-253-6999,,Category:,Gift Shops
State Farm Insurance,800 S Embarras Ave,Ste 1,Tuscola, IL 61953,217-253-9800,,Category:,Insurance
State of Illinois,207 E Ficklin St,Tuscola, IL 61953,217-253-3347,,Category:,Social &Amp; Human Services Organizations
State of Illinois Child Abuse & Neglect Reporting,209 E Van Allen St,Tuscola, IL 61953,217-253-4242,,Category:,Public &Amp; Social Services
Steffens Grant,1109 Crestview Dr,Tuscola, IL 61953,217-253-7242
Stewart Excavating & Trucking,530 E Us Highway 36,Tuscola, IL 61953,217-253-4757,,Category:,Excavating Contractors
Studio 36,304 E Southline Rd,Tuscola, IL 61953,217-253-3837,,Category:,Beauty Salons
Subway,900 S Pleasantview Dr,Tuscola, IL 61953,217-253-5050,,Category:,Restaurants
Super 8 by Wyndham Tuscola,1007 E Southline Rd,Tuscola, IL 61953,217-253-8163,,Category:,Hotels &Amp; Motels
Syngenta Seeds,1200 E Southline Rd,Tuscola, IL 61953,217-253-5646,,Category:,Seeds &Amp; Bulbs Retail
T Jeannine Garrett,106 W Sale St,Tuscola, IL 61953,217-253-3832,,Category:,Attorneys
T Jeannine Garrett - Attorney At Law Atty,106 W Sale St,Tuscola, IL 61953,217-253-3832,,Category:,Attorneys
Taco Bell,1101 E Southline Rd,Tuscola, IL 61953,217-253-4086,,Category:,Restaurants Fast Food
Taco Bell,1104 E Southline Rd,Tuscola, IL 61953,217-253-4086,,Category:,Restaurants Fast Food
Tammy L Baer Law Offices,102 W Wilson St,Tuscola, IL 61953,217-253-5000,,Category:,Attorneys
Tanger Outlet Center-Tuscola,D400 Tuscola Blvd,Tuscola, IL 61953,217-253-2282,,Category:,Outlets Factory Mill Etc
Tantrum Enterprises,1245 E Us Highway 36,Tuscola, IL 61953,217-253-6531,,Category:,Tractor Dealers
Ten Acre Excavating,540 E Us Highway 36,Tuscola, IL 61953,217-253-4598,,Category:,Contractors General
Terminix,Tuscola, IL 61953,217-253-5657,,Category:,Pest Control Services
Test Robinson,107 S Central Ave W,Tuscola, IL 61953,217-253-7407,,Category:,Appraisers
Tewell Bros Machine Inc,300 N Parke St,Tuscola, IL 61953,217-253-6303,,Category:,Welding
The Children's Place,E600 Tuscola Blvd,Tuscola, IL 61953,217-253-2431,,Category:,Childrens &Amp; Infants Clothing Retail
The Church of Jesus Christ of Latter-Day Saints,1100 E Northline Rd,Tuscola, IL 61953,217-253-3896,,Category:,Churches Church Of Jesus Christ Of Latter Day Saints
The Church of Jesus Christ of Latter-Day Saints,705 N Parke St,Tuscola, IL 61953,217-253-6449,,Category:,Churches Church Of Jesus Christ Of Latter Day Saints
The Cutting Edge,303 E Ficklin St,Tuscola, IL 61953,217-253-7589,,Category:,Beauty Salons
The Family Shoppe,105 N Main St,Tuscola, IL 61953,217-578-3211
The Fitness Center,109 W Pembroke St,Tuscola, IL 61953,217-253-2000,,Category:,Health Clubs &Amp; Gymnasiums
The Hair Affair,708 E Southline Rd,Ste A7,Tuscola, IL 61953,217-253-2226,,Category:,Barber
The Nail Shoppe,107 S Central Ave W,Ste 10,Tuscola, IL 61953,217-493-8449,,Category:,Manicuring &Amp; Pedicuring
The Outlets At Tuscola,D200 Tuscola Blvd,Tuscola, IL 61953,217-253-2282
The Pharmacy,101 N Main St,Tuscola, IL 61953,217-253-4746,,Category:,Pharmacies
The Tuscola Journal,111 W Sale St,Tuscola, IL 61953,217-253-5086,,Category:,Newspapers
The Vault Arts Collective,100 N Main St,Tuscola, IL 61953,217-599-1215,,Category:,Art Galleries &Amp; Dealers
Thomas C Best OD,902 S Court St,Tuscola, IL 61953,217-253-2220
Todd Edmundson - COUNTRY Financial representative,701 E Southline Rd,Tuscola, IL 61953,217-253-4761,,Category:,Insurance
Tommy Hilfiger,1011 E Southline Rd,Tuscola, IL 61953,217-253-5880,,Category:,Womens Wear &Amp; Accessories
Tommy Hilfiger,1300 Tuscola Blvd,Tuscola, IL 61953,217-253-5880,,Category:,Outlets Factory Mill Etc
Tommy Hilfiger,A1300 Tuscola Blvd,Tuscola, IL 61953,217-253-5880,,Category:,Clothing Stores
Transportation Csx,Tuscola, IL 61953,217-253-4606,,Category:,Transportation Services
Triangle Services Inc,304 E Van Allen St,Tuscola, IL 61953,217-253-5400,,Category:,Heating &Amp; Air Conditioning
Tribal Workshop,505 S Main St,Tuscola, IL 61953,217-253-2959
True Value,104 E Southline Rd,Tuscola, IL 61953,217-253-5241,,Category:,Electronic Equipment &Amp; Supplies Dealers
True Value,407 E Southline Rd,Tuscola, IL 61953,217-253-5241,,Category:,Hardware Retail
Trunk Line Gas,927 N County Road 800 E,Tuscola, IL 61953,217-253-2921,,Category:,Gas Companies
Trunkline Gas Co,927 N County Road 800 E,Tuscola, IL 61953,217-253-3212,,Category:,Pipe Line Companies
Tuscany Steak & Pasta of Tuscola,105 E Southline Rd,Tuscola, IL 61953,217-253-1030,,Category:,Restaurants Italian
Tuscola Auto Body Inc,200 S Parke St,Tuscola, IL 61953,217-253-3624,,Category:,Automobile Body Repair &Amp; Building
Tuscola Chamber of Commerce,122 N Central Ave W,Tuscola, IL 61953,217-253-5013,,Category:,Chambers Of Commerce
Tuscola City Library,112 E Sale St,Tuscola, IL 61953,217-253-3812,,Category:,Libraries Public
Tuscola City Police Department,214 N Main St,Tuscola, IL 61953,217-253-2351,,Category:,Police &Amp; Law Enforcement
Tuscola City Police Department,214 N Main St,Tuscola, IL 61953,217-253-2351,,Category:,Police &Amp; Law Enforcement
Tuscola Community Unit Schools,409 S Prairie St,Tuscola, IL 61953,217-253-4241,,Category:,Schools
Tuscola Community Unit Schools,1201 N Prairie St,Tuscola, IL 61953,217-253-3488,,Category:,Schools


Tuscola Economic Development Inc,214 N Main St,Tuscola, IL 61953,217-253-2552,,Category:,Associations
Tuscola Eye Care Clinic & Optical,902 S Court St,Ste 1,Tuscola, IL 61953,217-253-2220,,Category:,Optometrists Od
Tuscola Field Office,107 S Central Ave W,Tuscola, IL 61953,217-253-4242
Tuscola Hardware,104 E Southline Rd,Tuscola, IL 61953,217-253-5241,,Category:,Hardware Retail
Tuscola Health Care Center,1203 Egyptian Trl,Tuscola, IL 61953,217-253-4791,,Category:,Nursing Homes &Amp; Life Care Facilities
Tuscola High School,500 S Prairie St,Tuscola, IL 61953,217-253-2377,,Category:,Schools
Tuscola Journal,115 W Sale St,Tuscola, IL 61953,217-253-9412,,Category:,Newspapers
Tuscola Kitchen,125 W Sale St,Tuscola, IL 61953,217-253-3709,,Category:,Restaurants
Tuscola Masonic Lodge,912 N County Road 800 E,Tuscola, IL 61953,217-253-2087,,Category:,Masonry Contractors
Tuscola Motor Sports,900 S Meadowview Dr,Tuscola, IL 61953,217-253-6157,,Category:,Motorcycle &Amp; Motor Scooter Repair &Amp; Service
Tuscola Nails,708 E Southline Rd,Ste F,Tuscola, IL 61953,217-253-6206,,Category:,Nail Salons &Amp; Manicurists
Tuscola National Bank,900 Progress Blvd,Tuscola, IL 61953,217-253-4711,,Category:,Banking Services
Tuscola National Bank,214 N Main St,Tuscola, IL 61953,217-253-2779,,Category:,Banks
Tuscola National Bank ATM,900 Progress Blvd,Tuscola, IL 61953,,Category:,Automated Teller Machine (Atm)
Tuscola Outlet Center,A300 Tuscola Blvd,Tuscola, IL 61953,217-253-4969,,Category:,Outlets Factory Mill Etc
Tuscola Pain & Wellness Center,304 E Southline Rd,Tuscola, IL 61953,217-253-2370,,Category:,Chiropractors
Tuscola Pain & Wellness Center,902 S Court St,Ste 2,Tuscola, IL 61953,217-253-2723,,Category:,Chiropractors
Tuscola Pain & Wellness Center,730 Lakeshore Dr,Tuscola, IL 61953,217-253-6334,,Category:,Chiropractors
Tuscola Park Dept,214 N Main St,Tuscola, IL 61953,217-253-4122,,Category:,Parks
Tuscola Police Department,206 N Parke St,Tuscola, IL 61953,217-253-2351,,Category:,Police &Amp; Law Enforcement
Tuscola Police Department,204 N Parke St,Tuscola, IL 61953,217-253-2351,,Category:,Police Departments
Tuscola PRO Hardware Inc,Tuscola, IL 61953,217-253-3450,,Category:,Hardware Retail
Tuscola Senior Citizens Center,133 W Sale St,Tuscola, IL 61953,217-253-2278,,Category:,Senior Citizens Services &Amp; Organizations
Tuscola Sit & Sleep Shoppe,708 E Southline Rd,Tuscola, IL 61953,217-253-2111,,Category:,Furniture Dealers
Tuscola Stone Co,1199 E Us Highway 36,Tuscola, IL 61953,217-253-4705,,Category:,Stone Crushed Retail
Tuscola Swimming Pool,214 N Main St,Tuscola, IL 61953,217-253-4932,,Category:,Swimming Pools Private &Amp; Public
Tuscola Township,104 N Main St,Tuscola, IL 61953,217-253-2222,,Category:,Government Offices Local
Tuscola Truck & Auto,208 S Prairie St,Tuscola, IL 61953,217-253-2014,,Category:,Truck Repair &Amp; Service
Tuscola United Methodist Church,901 N Prairie St,Tuscola, IL 61953,217-253-4232,,Category:,Churches Methodist
U-Haul Neighborhood Dealer,800 E Southline Rd,Tuscola, IL 61953,217-253-2652,,Category:,Truck Renting &Amp; Leasing
U-Haul Neighborhood Dealer,911 E Southline Rd,Tuscola, IL 61953,217-253-8077,,Category:,Truck Renting &Amp; Leasing
Under Armour,E100 Tuscola Blvd,Tuscola, IL 61953,217-253-1068,,Category:,Sportswear Retail
Under Armour Factory House,E200 Tuscola Blvd,Tuscola, IL 61953,217-253-1068,,Category:,Sportswear Retail
United Church of Atwood,210 N Main St,Tuscola, IL 61953,217-578-2832,,Category:,Churches United Church Of Christ
United Church of Christ,114 E Pembroke St,Tuscola, IL 61953,217-253-2532,,Category:,Churches Church Of Christ
United Church of Christ,108 E Pembroke St,Tuscola, IL 61953,217-253-3757,,Category:,Churches Church Of Christ
United States Postal Service,120 E Sale St,Tuscola, IL 61953,217-253-3513,,Category:,Postal Services
United States Postal Service,900 S Washington St,Tuscola, IL 61953,217-253-3340,,Category:,United States Government Offices
Us Department Of Agriculture,900 S Washington St,Tuscola, IL 61953,217-253-2022,,Category:,Soil Conservation Services
Van Heusen,1011 E Southline Rd,Tuscola, IL 61953,217-253-3398,,Category:,Mens Clothing &Amp; Furnishings Retail
Verizon Wireless,407 E Southline Rd,Tuscola, IL 61953,217-253-5241,,Category:,Hardware Retail
VF Factory Outlet,K100 Tuscola Blvd,Tuscola, IL 61953,217-253-9890,,Category:,Womens Wear &Amp; Accessories
Vicki Bishop - COUNTRY Financial representative,708a E Southline Rd,Ste D,Tuscola, IL 61953,217-253-2912,,Category:,Insurance
Village Cafe,103 N Main St,Tuscola, IL 61953,217-578-3334,,Category:,Cafes
Village Square Real Estate LLC,204 E Southline Rd,Tuscola, IL 61953,217-253-4663,,Category:,Real Estate
Village Square Real Estate LLC,204 E Southline Rd,Ste A,Tuscola, IL 61953,217-253-4665,,Category:,Real Estate
Vintage Karma,110 W Sale St,Tuscola, IL 61953,217-253-2553,,Category:,Tattooing
Visual Image Salon,304 E Southline Rd,Tuscola, IL 61953,217-253-9557,,Category:,Beauty Salons
Visual Image Salon,103 N Main St,Tuscola, IL 61953,217-253-9547,,Category:,Beauty Salons
Warfel Custom Woodworking,649 N County Road 1375 E,Tuscola, IL 61953,217-253-2670,,Category:,Woodwork
Wayne A Mathews PA,301 E Southline Rd,Tuscola, IL 61953,217-253-5231,,Category:,Physicians &Amp; Surgeons Md
Weatherford Taxidermy,105 W Scott St,Tuscola, IL 61953,217-253-2165,,Category:,Taxidermy
Wee Warriors Christian Academy,306 E Southline Rd,Ste B,Tuscola, IL 61953,217-253-4400,,Category:,Schools Academic Preschool &Amp; Kindergarten
Wenger Woodcraft,675 N County Road 250 E,Tuscola, IL 61953,217-578-3440,,Category:,Cabinet Makers
Wenger Woodcraft,676 N County Road 250 E,Tuscola, IL 61953,217-578-3440,,Category:,Kitchen Cabinets &Amp; Accessories
Western Union,1207 E Southline Rd,Tuscola, IL 61953,217-253-3925,,Category:,Services Stations
William G Hemmer DC,730 Lakeshore Dr,Tuscola, IL 61953,217-253-6334,,Category:,Chiropractors
William Hemmer, DC,902 S Court St,Tuscola, IL 61953,217-253-2370,,Category:,Chiropractors
Wilson Plumbing Heating & A C,404 E Barker St,Tuscola, IL 61953,217-253-4010,,Category:,Heating, Ventilation &Amp; Air Conditioning
Wilsons Leather,B700 Tuscola Blvd,Tuscola, IL 61953,217-253-3613,,Category:,Leather Clothing
Winn Welding,746 N County Road 1000 E,Tuscola, IL 61953,217-253-4613,,Category:,Welding
Winterberry,116 W Sale St,Tuscola, IL 61953,217-253-6250,,Category:,Gift Shops
Wood Wright Guild,615 N County Road 300 E,Tuscola, IL 61953,217-543-3400,,Category:,Kitchen Planning &Amp; Remodeling Service
Woodard Robert & Jennifer,1476 E County Road 800 N,Tuscola, IL 61953,217-253-4060
Woody's Auction Service,520 E County Road 1250 N,Tuscola, IL 61953,217-253-3979,,Category:,Auctioneers &Amp; Auction Houses
Wright Anna May,932 E County Road 750 N,Tuscola, IL 61953,217-253-3790,,Category:,Manufactured Housing Repair &Amp; Service
WW Weight Watchers,900 S Washington St,Tuscola, IL 61953,800-651-6000,,Category:,Diet, Nutrition &Amp; Weight Management
Z Probiotics,800 S Ohio St,Tuscola, IL 61953,217-253-9010,,Category:,Biological Products &Amp; Supplies


