A C Security,711 W Siller St,Newman, IL 61942,217-621-6734,,Category:,Internet Advertising
ADM Grain Co,206 N Coffin St,Newman, IL 61942,217-837-2432,,Category:,Grain Elevators
Allerton Supply Co,2800 E Us Highway 36,Newman, IL 61942,217-837-2152
Anderson/Fraser Boer Goats,2211 E County Road 800 N,Newman, IL 61942,217-840-5801,,Category:,Livestock
ATM,107 E Yates St,Newman, IL 61942,,Category:,Automated Teller Machine (Atm)
Badger Enterprizes,2131 E County Road 1000 N,Newman, IL 61942,217-837-2956,,Category:,Toy &Amp; Game Stores
Badger Enterprizes,2113 E County Road 1000 N,Newman, IL 61942,217-837-2956
Barry Contracting,507 S King St,Newman, IL 61942,217-837-2695,,Category:,Contractors General
Beaird Insurance Agency,346 Po Box,Newman, IL 61942,217-837-2553,,Category:,Insurance
Biddle Soil Service,312 S Smith St,Newman, IL 61942,217-837-2109,,Category:,Agricultural Products
BP Oil,2532 E Us Highway 36,Newman, IL 61942,217-837-2935,,Category:,Gasoline Stations
Brushy Fork Forge,2638 E County Road 975 N,Newman, IL 61942,217-508-9364,,Category:,Horseshoeing
C & C's One Stop Inc,2532 E Us Highway 36,Newman, IL 61942,217-837-2935,,Category:,Storefronts
Christensen Farms MidWest F73s,190 E 2100th Rd,Newman, IL 61942,217-837-2094,,Category:,Farms
Corn Crib,107 E Yates St,Newman, IL 61942,217-837-2788
Dbh & Associates Llc,102 S Broadway St,Newman, IL 61942,217-837-2011,,Category:,Accountants Certified Public
DO IT Best,106 S Broadway St,Newman, IL 61942,217-837-2435,,Category:,Paint Retail
Dollar General,2562 E Us Highway 36,Newman, IL 61942,217-837-2840,,Category:,Groceries
First Christian Church,107 W Green St,Newman, IL 61942,217-837-2337,,Category:,Churches Christian Disciples Of Christ
First State Bank,511 S Broadway St,Newman, IL 61942,217-837-2491,,Category:,Loans
G & M Luth Trucking Inc,1285 N County Road 2580 E,Newman, IL 61942,217-837-2127,,Category:,Churches
Gene Trimbles Orchestra,2410 E County Road 1250 N,Newman, IL 61942,217-837-2077,,Category:,Orchestras Symphonies &Amp; Bands
House Lumber Co,106 N Broadway St,Newman, IL 61942,217-837-2435,,Category:,Paint Retail
Illini Fs Locations,998 N State Route 49,Newman, IL 61942,217-837-2051
James M Sanstrom,1048 N County Road 2580 E,Newman, IL 61942,217-837-2358
Joines Appleby Funeral Home,401 W Gillogly St,Newman, IL 61942,217-837-2624,,Category:,Funeral Homes &Amp; Directors
Kincaid Electric LLC,719 N Broadway St,Newman, IL 61942,217-837-2361,,Category:,Contractors Electric
Kincaid Electric LLC,719 N Broadway St,Newman, IL 61942,217-898-6326,,Category:,Contractors Electric
Kincaid Farm Shop,2648 E County Road 975 N,Newman, IL 61942,217-837-2740,,Category:,Farm Management Services
Kross Masonry and Restoration,404 S Broadway St,Newman, IL 61942,217-530-2431,,Category:,Concrete Contractors
Loman Insurance Group Inc,106 S Broadway St,Newman, IL 61942,217-837-2000,,Category:,Insurance
Loman-Ray Insurance,112 S Broadway St,Newman, IL 61942,217-837-2000,,Category:,Insurance
Longview Bank,2481 E Us Highway 36,Newman, IL 61942,217-837-2404,,Category:,Banking Services
Longview Capital Corp,120 S Broadway St,Newman, IL 61942,217-837-2012
Longview Capital Corporation,116 S Broadway St,Newman, IL 61942,217-837-2012,,Category:,Banks
Marsha Skinner Law Offices,108 S Broadway St,Newman, IL 61942,217-837-9730,,Category:,Attorneys Social Security &Amp; Disability Claims Law
Millennium Agricultural Services,2558 E Us Highway 36,Newman, IL 61942,217-837-2622,,Category:,Livestock Feeding
Neal Wood Farms Inc,2470 E County Road 1050 N,Newman, IL 61942,217-837-2447,,Category:,Farms
Newman City Hall,207 S Coffin St,Newman, IL 61942,217-837-2312,,Category:,Government Offices Local
Newman City Water Department,501 W Yates St,Newman, IL 61942,217-837-2943,,Category:,Utilities - Gas, Water &Amp; Electric
Newman Community Fire Protection District,202 W Yates St,Newman, IL 61942,217-837-2341,,Category:,Fire Departments
Newman Fire Department,106 W Yates St,Newman, IL 61942,217-837-2341,,Category:,Fire Departments
Newman Grade School,207 S Coffin St,Newman, IL 61942,217-837-2475,,Category:,Schools Academic Secondary &Amp; Elementary
Newman Grade School,207 S Coffin St,Newman, IL 61942,217-837-2226,,Category:,Schools Academic Secondary &Amp; Elementary
Newman Independent,207 W Yates St,Newman, IL 61942,217-837-2414,,Category:,Newspapers
Newman Regional Library District,101 E Yates St,Newman, IL 61942,217-837-2412,,Category:,Libraries Public
Newman Regional Pubc Library,108 W Yates St,Newman, IL 61942,217-837-2412,,Category:,Libraries Public
Newman Rhcc,418 S Memorial Park Rd,Newman, IL 61942,217-837-2421,,Category:,Rehabilitation Services
Newman Township Office,301 N Smith St,Newman, IL 61942,217-837-2778,,Category:,Government Offices Local
Newman Twnshp Shd,301 N Smith St,Newman, IL 61942,217-837-2723,,Category:,Government Offices Local
Newman Twnshp Shd,301 S Smith St,Newman, IL 61942,217-837-2723,,Category:,Government Offices Local
Newman United Methodist Church,727 N Broadway St,Newman, IL 61942,217-837-2086,,Category:,Churches Methodist
Petals & Plants Florist,110 S Broadway St,Newman, IL 61942,217-837-2041,,Category:,Florists
Pizza Man of Newman,2578 E Us Highway 36,Newman, IL 61942,217-837-2429,,Category:,Restaurants Pizza
Prairieland Insurance Group,104 W Yates St,Newman, IL 61942,217-837-2713,,Category:,Insurance Independent Agents
Ray Loman Insurance,112 S Broadway St,Newman, IL 61942,217-837-2000
RehabCare Group,418 S Memorial Park Rd,Newman, IL 61942,217-837-2964,,Category:,Physical Therapists
Rigdon Joe & Ronda,905 N County Road 2510 E,Newman, IL 61942,217-837-2180
Skinner Marsha L Skinner Ch 13 Trs,110 S Broadway St,Newman, IL 61942,217-837-9730,,Category:,Attorneys
Small Town Girls Candles and More,102 S Stalling St,Newman, IL 61942,217-493-2693,,Category:,Candles Retail
Sundance Trucking Inc,1145 N County Road 2630 E,Newman, IL 61942,217-202-2610,,Category:,Trucking General
Teresa Hawkins,311 N City Line Rd,Newman, IL 61942,217-837-2230,,Category:,Child Care Services
The Gutter Boyz,Newman, IL 61942,217-600-6243
United Plumbing,2830 E Us Highway 36,Newman, IL 61942,217-837-2300,,Category:,Plumbing Contractors
United States Postal Service,101 S Howard St,Newman, IL 61942,217-837-2783,,Category:,Post Offices
Wax Smith & Wax,1140 N County Road 2730 E,Newman, IL 61942,217-837-2972


